Region,Date,Predicted_Demand
Uttar Pradesh,2025-12-13,2102
Uttar Pradesh,2025-12-14,1141
Uttar Pradesh,2025-12-15,1381
Uttar Pradesh,2025-12-16,1506
Uttar Pradesh,2025-12-17,2000
Uttar Pradesh,2025-12-18,2119
Uttar Pradesh,2025-12-19,2036
Uttar Pradesh,2025-12-20,2102
Uttar Pradesh,2025-12-21,1141
Uttar Pradesh,2025-12-22,1381
Uttar Pradesh,2025-12-23,1506
Uttar Pradesh,2025-12-24,2000
Uttar Pradesh,2025-12-25,2119
Uttar Pradesh,2025-12-26,2036
Uttar Pradesh,2025-12-27,2102
Uttar Pradesh,2025-12-28,1141
Uttar Pradesh,2025-12-29,1381
Uttar Pradesh,2025-12-30,1506
Uttar Pradesh,2025-12-31,2000
Uttar Pradesh,2026-01-01,2518
Uttar Pradesh,2026-01-02,1945
Uttar Pradesh,2026-01-03,1063
Uttar Pradesh,2026-01-04,1359
Uttar Pradesh,2026-01-05,1600
Uttar Pradesh,2026-01-06,2272
Uttar Pradesh,2026-01-07,2089
Uttar Pradesh,2026-01-08,2511
Uttar Pradesh,2026-01-09,1945
Uttar Pradesh,2026-01-10,1063
Uttar Pradesh,2026-01-11,1359
Uttar Pradesh,2026-01-12,1600
Uttar Pradesh,2026-01-13,2272
Uttar Pradesh,2026-01-14,2089
Uttar Pradesh,2026-01-15,2511
Uttar Pradesh,2026-01-16,1945
Uttar Pradesh,2026-01-17,1063
Uttar Pradesh,2026-01-18,1359
Uttar Pradesh,2026-01-19,1600
Uttar Pradesh,2026-01-20,2272
Uttar Pradesh,2026-01-21,2089
Uttar Pradesh,2026-01-22,2511
Uttar Pradesh,2026-01-23,1945
Uttar Pradesh,2026-01-24,1063
Uttar Pradesh,2026-01-25,1359
Uttar Pradesh,2026-01-26,1600
Uttar Pradesh,2026-01-27,2272
Uttar Pradesh,2026-01-28,2089
Uttar Pradesh,2026-01-29,2511
Uttar Pradesh,2026-01-30,1945
Uttar Pradesh,2026-01-31,1063
Uttar Pradesh,2026-02-01,1639
Uttar Pradesh,2026-02-02,2083
Uttar Pradesh,2026-02-03,2572
Uttar Pradesh,2026-02-04,2007
Uttar Pradesh,2026-02-05,2518
Uttar Pradesh,2026-02-06,1945
Uttar Pradesh,2026-02-07,1063
Uttar Pradesh,2026-02-08,1639
Uttar Pradesh,2026-02-09,2083
Uttar Pradesh,2026-02-10,2572
Uttar Pradesh,2026-02-11,2007
Uttar Pradesh,2026-02-12,2518
Uttar Pradesh,2026-02-13,1945
Uttar Pradesh,2026-02-14,1063
Uttar Pradesh,2026-02-15,1639
Uttar Pradesh,2026-02-16,2083
Uttar Pradesh,2026-02-17,2572
Uttar Pradesh,2026-02-18,2007
Uttar Pradesh,2026-02-19,2518
Uttar Pradesh,2026-02-20,1945
Uttar Pradesh,2026-02-21,1063
Uttar Pradesh,2026-02-22,1639
Uttar Pradesh,2026-02-23,2083
Uttar Pradesh,2026-02-24,2572
Uttar Pradesh,2026-02-25,2007
Uttar Pradesh,2026-02-26,2518
Uttar Pradesh,2026-02-27,1945
Uttar Pradesh,2026-02-28,1063
Uttar Pradesh,2026-03-01,1603
Uttar Pradesh,2026-03-02,2027
Uttar Pradesh,2026-03-03,2533
Uttar Pradesh,2026-03-04,2009
Uttar Pradesh,2026-03-05,2477
Uttar Pradesh,2026-03-06,1943
Uttar Pradesh,2026-03-07,1046
Uttar Pradesh,2026-03-08,1603
Uttar Pradesh,2026-03-09,2027
Uttar Pradesh,2026-03-10,2533
Uttar Pradesh,2026-03-11,2009
Uttar Pradesh,2026-03-12,2477
Uttar Pradesh,2026-03-13,1943
Uttar Pradesh,2026-03-14,1046
Uttar Pradesh,2026-03-15,1603
Uttar Pradesh,2026-03-16,2027
Uttar Pradesh,2026-03-17,2533
Uttar Pradesh,2026-03-18,2009
Uttar Pradesh,2026-03-19,2477
Uttar Pradesh,2026-03-20,1943
Uttar Pradesh,2026-03-21,1046
Uttar Pradesh,2026-03-22,1603
Andhra Pradesh,2025-12-13,1613
Andhra Pradesh,2025-12-14,846
Andhra Pradesh,2025-12-15,2248
Andhra Pradesh,2025-12-16,1714
Andhra Pradesh,2025-12-17,1294
Andhra Pradesh,2025-12-18,2151
Andhra Pradesh,2025-12-19,1556
Andhra Pradesh,2025-12-20,853
Andhra Pradesh,2025-12-21,1213
Andhra Pradesh,2025-12-22,2248
Andhra Pradesh,2025-12-23,1714
Andhra Pradesh,2025-12-24,1294
Andhra Pradesh,2025-12-25,2151
Andhra Pradesh,2025-12-26,1556
Andhra Pradesh,2025-12-27,853
Andhra Pradesh,2025-12-28,1213
Andhra Pradesh,2025-12-29,2248
Andhra Pradesh,2025-12-30,1714
Andhra Pradesh,2025-12-31,1294
Andhra Pradesh,2026-01-01,2293
Andhra Pradesh,2026-01-02,2316
Andhra Pradesh,2026-01-03,2493
Andhra Pradesh,2026-01-04,2452
Andhra Pradesh,2026-01-05,2474
Andhra Pradesh,2026-01-06,2537
Andhra Pradesh,2026-01-07,2483
Andhra Pradesh,2026-01-08,2487
Andhra Pradesh,2026-01-09,2487
Andhra Pradesh,2026-01-10,2735
Andhra Pradesh,2026-01-11,2452
Andhra Pradesh,2026-01-12,2474
Andhra Pradesh,2026-01-13,2537
Andhra Pradesh,2026-01-14,2483
Andhra Pradesh,2026-01-15,2487
Andhra Pradesh,2026-01-16,2487
Andhra Pradesh,2026-01-17,2735
Andhra Pradesh,2026-01-18,2452
Andhra Pradesh,2026-01-19,2474
Andhra Pradesh,2026-01-20,2537
Andhra Pradesh,2026-01-21,2483
Andhra Pradesh,2026-01-22,2487
Andhra Pradesh,2026-01-23,2487
Andhra Pradesh,2026-01-24,2735
Andhra Pradesh,2026-01-25,2452
Andhra Pradesh,2026-01-26,2474
Andhra Pradesh,2026-01-27,2537
Andhra Pradesh,2026-01-28,2483
Andhra Pradesh,2026-01-29,2487
Andhra Pradesh,2026-01-30,2487
Andhra Pradesh,2026-01-31,2735
Andhra Pradesh,2026-02-01,2649
Andhra Pradesh,2026-02-02,2663
Andhra Pradesh,2026-02-03,2714
Andhra Pradesh,2026-02-04,2742
Andhra Pradesh,2026-02-05,2646
Andhra Pradesh,2026-02-06,2646
Andhra Pradesh,2026-02-07,2846
Andhra Pradesh,2026-02-08,2710
Andhra Pradesh,2026-02-09,2663
Andhra Pradesh,2026-02-10,2714
Andhra Pradesh,2026-02-11,2742
Andhra Pradesh,2026-02-12,2646
Andhra Pradesh,2026-02-13,2646
Andhra Pradesh,2026-02-14,2846
Andhra Pradesh,2026-02-15,2710
Andhra Pradesh,2026-02-16,2663
Andhra Pradesh,2026-02-17,2714
Andhra Pradesh,2026-02-18,2742
Andhra Pradesh,2026-02-19,2646
Andhra Pradesh,2026-02-20,2646
Andhra Pradesh,2026-02-21,2846
Andhra Pradesh,2026-02-22,2710
Andhra Pradesh,2026-02-23,2663
Andhra Pradesh,2026-02-24,2714
Andhra Pradesh,2026-02-25,2742
Andhra Pradesh,2026-02-26,2646
Andhra Pradesh,2026-02-27,2646
Andhra Pradesh,2026-02-28,2846
Andhra Pradesh,2026-03-01,2697
Andhra Pradesh,2026-03-02,2663
Andhra Pradesh,2026-03-03,2714
Andhra Pradesh,2026-03-04,2742
Andhra Pradesh,2026-03-05,2634
Andhra Pradesh,2026-03-06,2634
Andhra Pradesh,2026-03-07,2833
Andhra Pradesh,2026-03-08,2697
Andhra Pradesh,2026-03-09,2663
Andhra Pradesh,2026-03-10,2714
Andhra Pradesh,2026-03-11,2742
Andhra Pradesh,2026-03-12,2634
Andhra Pradesh,2026-03-13,2634
Andhra Pradesh,2026-03-14,2833
Andhra Pradesh,2026-03-15,2697
Andhra Pradesh,2026-03-16,2663
Andhra Pradesh,2026-03-17,2714
Andhra Pradesh,2026-03-18,2742
Andhra Pradesh,2026-03-19,2634
Andhra Pradesh,2026-03-20,2634
Andhra Pradesh,2026-03-21,2833
Andhra Pradesh,2026-03-22,2697
Gujarat,2025-12-13,898
Gujarat,2025-12-14,1317
Gujarat,2025-12-15,1063
Gujarat,2025-12-16,1014
Gujarat,2025-12-17,971
Gujarat,2025-12-18,1388
Gujarat,2025-12-19,868
Gujarat,2025-12-20,1074
Gujarat,2025-12-21,969
Gujarat,2025-12-22,1454
Gujarat,2025-12-23,956
Gujarat,2025-12-24,1379
Gujarat,2025-12-25,867
Gujarat,2025-12-26,1174
Gujarat,2025-12-27,880
Gujarat,2025-12-28,1317
Gujarat,2025-12-29,1063
Gujarat,2025-12-30,1014
Gujarat,2025-12-31,971
Gujarat,2026-01-01,1400
Gujarat,2026-01-02,1422
Gujarat,2026-01-03,580
Gujarat,2026-01-04,1044
Gujarat,2026-01-05,1273
Gujarat,2026-01-06,1494
Gujarat,2026-01-07,1531
Gujarat,2026-01-08,1506
Gujarat,2026-01-09,1501
Gujarat,2026-01-10,580
Gujarat,2026-01-11,1044
Gujarat,2026-01-12,1273
Gujarat,2026-01-13,1494
Gujarat,2026-01-14,1531
Gujarat,2026-01-15,1506
Gujarat,2026-01-16,1501
Gujarat,2026-01-17,580
Gujarat,2026-01-18,1044
Gujarat,2026-01-19,1273
Gujarat,2026-01-20,1494
Gujarat,2026-01-21,1531
Gujarat,2026-01-22,1506
Gujarat,2026-01-23,1501
Gujarat,2026-01-24,580
Gujarat,2026-01-25,1044
Gujarat,2026-01-26,1273
Gujarat,2026-01-27,1494
Gujarat,2026-01-28,1531
Gujarat,2026-01-29,1506
Gujarat,2026-01-30,1501
Gujarat,2026-01-31,580
Gujarat,2026-02-01,1365
Gujarat,2026-02-02,1583
Gujarat,2026-02-03,1803
Gujarat,2026-02-04,1398
Gujarat,2026-02-05,1517
Gujarat,2026-02-06,1599
Gujarat,2026-02-07,1691
Gujarat,2026-02-08,1674
Gujarat,2026-02-09,1829
Gujarat,2026-02-10,1437
Gujarat,2026-02-11,1630
Gujarat,2026-02-12,1692
Gujarat,2026-02-13,1687
Gujarat,2026-02-14,1691
Gujarat,2026-02-15,1674
Gujarat,2026-02-16,1829
Gujarat,2026-02-17,1437
Gujarat,2026-02-18,1630
Gujarat,2026-02-19,1692
Gujarat,2026-02-20,1687
Gujarat,2026-02-21,1691
Gujarat,2026-02-22,1674
Gujarat,2026-02-23,1829
Gujarat,2026-02-24,1437
Gujarat,2026-02-25,1630
Gujarat,2026-02-26,1692
Gujarat,2026-02-27,1687
Gujarat,2026-02-28,1691
Gujarat,2026-03-01,1682
Gujarat,2026-03-02,1838
Gujarat,2026-03-03,1441
Gujarat,2026-03-04,1638
Gujarat,2026-03-05,1700
Gujarat,2026-03-06,1695
Gujarat,2026-03-07,1699
Gujarat,2026-03-08,1682
Gujarat,2026-03-09,1838
Gujarat,2026-03-10,1441
Gujarat,2026-03-11,1638
Gujarat,2026-03-12,1700
Gujarat,2026-03-13,1695
Gujarat,2026-03-14,1699
Gujarat,2026-03-15,1682
Gujarat,2026-03-16,1838
Gujarat,2026-03-17,1441
Gujarat,2026-03-18,1638
Gujarat,2026-03-19,1700
Gujarat,2026-03-20,1695
Gujarat,2026-03-21,1699
Gujarat,2026-03-22,1682
Rajasthan,2025-12-13,1116
Rajasthan,2025-12-14,725
Rajasthan,2025-12-15,949
Rajasthan,2025-12-16,892
Rajasthan,2025-12-17,1003
Rajasthan,2025-12-18,725
Rajasthan,2025-12-19,914
Rajasthan,2025-12-20,881
Rajasthan,2025-12-21,878
Rajasthan,2025-12-22,949
Rajasthan,2025-12-23,892
Rajasthan,2025-12-24,1003
Rajasthan,2025-12-25,725
Rajasthan,2025-12-26,914
Rajasthan,2025-12-27,881
Rajasthan,2025-12-28,878
Rajasthan,2025-12-29,949
Rajasthan,2025-12-30,892
Rajasthan,2025-12-31,1003
Rajasthan,2026-01-01,1030
Rajasthan,2026-01-02,1241
Rajasthan,2026-01-03,1164
Rajasthan,2026-01-04,1038
Rajasthan,2026-01-05,1167
Rajasthan,2026-01-06,1241
Rajasthan,2026-01-07,1289
Rajasthan,2026-01-08,929
Rajasthan,2026-01-09,1289
Rajasthan,2026-01-10,1015
Rajasthan,2026-01-11,1155
Rajasthan,2026-01-12,1165
Rajasthan,2026-01-13,1241
Rajasthan,2026-01-14,1289
Rajasthan,2026-01-15,929
Rajasthan,2026-01-16,1289
Rajasthan,2026-01-17,1015
Rajasthan,2026-01-18,1155
Rajasthan,2026-01-19,1165
Rajasthan,2026-01-20,1241
Rajasthan,2026-01-21,1289
Rajasthan,2026-01-22,929
Rajasthan,2026-01-23,1289
Rajasthan,2026-01-24,1015
Rajasthan,2026-01-25,1155
Rajasthan,2026-01-26,1165
Rajasthan,2026-01-27,1241
Rajasthan,2026-01-28,1289
Rajasthan,2026-01-29,929
Rajasthan,2026-01-30,1289
Rajasthan,2026-01-31,1015
Rajasthan,2026-02-01,1156
Rajasthan,2026-02-02,1173
Rajasthan,2026-02-03,1250
Rajasthan,2026-02-04,1131
Rajasthan,2026-02-05,1012
Rajasthan,2026-02-06,1296
Rajasthan,2026-02-07,1105
Rajasthan,2026-02-08,1178
Rajasthan,2026-02-09,1211
Rajasthan,2026-02-10,1425
Rajasthan,2026-02-11,1102
Rajasthan,2026-02-12,1070
Rajasthan,2026-02-13,1316
Rajasthan,2026-02-14,1105
Rajasthan,2026-02-15,1178
Rajasthan,2026-02-16,1211
Rajasthan,2026-02-17,1425
Rajasthan,2026-02-18,1102
Rajasthan,2026-02-19,1070
Rajasthan,2026-02-20,1316
Rajasthan,2026-02-21,1105
Rajasthan,2026-02-22,1178
Rajasthan,2026-02-23,1211
Rajasthan,2026-02-24,1425
Rajasthan,2026-02-25,1102
Rajasthan,2026-02-26,1070
Rajasthan,2026-02-27,1316
Rajasthan,2026-02-28,1105
Rajasthan,2026-03-01,1211
Rajasthan,2026-03-02,1352
Rajasthan,2026-03-03,1083
Rajasthan,2026-03-04,1387
Rajasthan,2026-03-05,935
Rajasthan,2026-03-06,1298
Rajasthan,2026-03-07,1134
Rajasthan,2026-03-08,1161
Rajasthan,2026-03-09,1178
Rajasthan,2026-03-10,1287
Rajasthan,2026-03-11,1134
Rajasthan,2026-03-12,1041
Rajasthan,2026-03-13,1295
Rajasthan,2026-03-14,1134
Rajasthan,2026-03-15,1161
Rajasthan,2026-03-16,1178
Rajasthan,2026-03-17,1287
Rajasthan,2026-03-18,1134
Rajasthan,2026-03-19,1041
Rajasthan,2026-03-20,1295
Rajasthan,2026-03-21,1134
Rajasthan,2026-03-22,1161
Karnataka,2025-12-13,1731
Karnataka,2025-12-14,1577
Karnataka,2025-12-15,1752
Karnataka,2025-12-16,1790
Karnataka,2025-12-17,1849
Karnataka,2025-12-18,1698
Karnataka,2025-12-19,1430
Karnataka,2025-12-20,2158
Karnataka,2025-12-21,1458
Karnataka,2025-12-22,2045
Karnataka,2025-12-23,2070
Karnataka,2025-12-24,1837
Karnataka,2025-12-25,1698
Karnataka,2025-12-26,1430
Karnataka,2025-12-27,2158
Karnataka,2025-12-28,1458
Karnataka,2025-12-29,2045
Karnataka,2025-12-30,2070
Karnataka,2025-12-31,1837
Karnataka,2026-01-01,743
Karnataka,2026-01-02,1781
Karnataka,2026-01-03,476
Karnataka,2026-01-04,1018
Karnataka,2026-01-05,1565
Karnataka,2026-01-06,1648
Karnataka,2026-01-07,640
Karnataka,2026-01-08,1781
Karnataka,2026-01-09,762
Karnataka,2026-01-10,1018
Karnataka,2026-01-11,912
Karnataka,2026-01-12,1565
Karnataka,2026-01-13,1648
Karnataka,2026-01-14,640
Karnataka,2026-01-15,1781
Karnataka,2026-01-16,762
Karnataka,2026-01-17,1018
Karnataka,2026-01-18,912
Karnataka,2026-01-19,1565
Karnataka,2026-01-20,1648
Karnataka,2026-01-21,640
Karnataka,2026-01-22,1781
Karnataka,2026-01-23,762
Karnataka,2026-01-24,1018
Karnataka,2026-01-25,912
Karnataka,2026-01-26,1565
Karnataka,2026-01-27,1648
Karnataka,2026-01-28,640
Karnataka,2026-01-29,1781
Karnataka,2026-01-30,762
Karnataka,2026-01-31,1018
Karnataka,2026-02-01,2039
Karnataka,2026-02-02,2239
Karnataka,2026-02-03,1318
Karnataka,2026-02-04,2263
Karnataka,2026-02-05,1227
Karnataka,2026-02-06,2002
Karnataka,2026-02-07,2428
Karnataka,2026-02-08,1690
Karnataka,2026-02-09,1669
Karnataka,2026-02-10,1690
Karnataka,2026-02-11,1823
Karnataka,2026-02-12,2089
Karnataka,2026-02-13,2127
Karnataka,2026-02-14,2135
Karnataka,2026-02-15,1969
Karnataka,2026-02-16,2213
Karnataka,2026-02-17,2234
Karnataka,2026-02-18,2187
Karnataka,2026-02-19,2129
Karnataka,2026-02-20,2127
Karnataka,2026-02-21,2135
Karnataka,2026-02-22,1969
Karnataka,2026-02-23,2213
Karnataka,2026-02-24,2234
Karnataka,2026-02-25,2187
Karnataka,2026-02-26,2129
Karnataka,2026-02-27,2127
Karnataka,2026-02-28,2135
Karnataka,2026-03-01,1919
Karnataka,2026-03-02,2286
Karnataka,2026-03-03,1334
Karnataka,2026-03-04,2263
Karnataka,2026-03-05,1227
Karnataka,2026-03-06,2002
Karnataka,2026-03-07,2551
Karnataka,2026-03-08,1680
Karnataka,2026-03-09,1689
Karnataka,2026-03-10,1710
Karnataka,2026-03-11,1823
Karnataka,2026-03-12,2089
Karnataka,2026-03-13,2235
Karnataka,2026-03-14,2305
Karnataka,2026-03-15,1262
Karnataka,2026-03-16,1838
Karnataka,2026-03-17,2037
Karnataka,2026-03-18,2257
Karnataka,2026-03-19,1227
Karnataka,2026-03-20,2002
Karnataka,2026-03-21,2551
Karnataka,2026-03-22,1680
West Bengal,2025-12-13,1883
West Bengal,2025-12-14,1887
West Bengal,2025-12-15,1709
West Bengal,2025-12-16,2201
West Bengal,2025-12-17,1839
West Bengal,2025-12-18,1983
West Bengal,2025-12-19,1832
West Bengal,2025-12-20,2130
West Bengal,2025-12-21,1872
West Bengal,2025-12-22,1709
West Bengal,2025-12-23,2201
West Bengal,2025-12-24,1839
West Bengal,2025-12-25,1983
West Bengal,2025-12-26,1832
West Bengal,2025-12-27,2130
West Bengal,2025-12-28,1872
West Bengal,2025-12-29,1709
West Bengal,2025-12-30,2201
West Bengal,2025-12-31,1839
West Bengal,2026-01-01,2400
West Bengal,2026-01-02,2449
West Bengal,2026-01-03,2480
West Bengal,2026-01-04,2388
West Bengal,2026-01-05,2449
West Bengal,2026-01-06,2402
West Bengal,2026-01-07,2397
West Bengal,2026-01-08,2408
West Bengal,2026-01-09,2449
West Bengal,2026-01-10,2480
West Bengal,2026-01-11,2388
West Bengal,2026-01-12,2449
West Bengal,2026-01-13,2402
West Bengal,2026-01-14,2397
West Bengal,2026-01-15,2408
West Bengal,2026-01-16,2449
West Bengal,2026-01-17,2480
West Bengal,2026-01-18,2388
West Bengal,2026-01-19,2449
West Bengal,2026-01-20,2402
West Bengal,2026-01-21,2397
West Bengal,2026-01-22,2408
West Bengal,2026-01-23,2449
West Bengal,2026-01-24,2480
West Bengal,2026-01-25,2388
West Bengal,2026-01-26,2449
West Bengal,2026-01-27,2402
West Bengal,2026-01-28,2397
West Bengal,2026-01-29,2408
West Bengal,2026-01-30,2449
West Bengal,2026-01-31,2480
West Bengal,2026-02-01,2374
West Bengal,2026-02-02,2449
West Bengal,2026-02-03,2402
West Bengal,2026-02-04,2397
West Bengal,2026-02-05,2408
West Bengal,2026-02-06,2434
West Bengal,2026-02-07,2440
West Bengal,2026-02-08,1884
West Bengal,2026-02-09,2157
West Bengal,2026-02-10,2138
West Bengal,2026-02-11,2374
West Bengal,2026-02-12,2496
West Bengal,2026-02-13,2474
West Bengal,2026-02-14,2465
West Bengal,2026-02-15,2374
West Bengal,2026-02-16,2449
West Bengal,2026-02-17,2402
West Bengal,2026-02-18,2397
West Bengal,2026-02-19,2408
West Bengal,2026-02-20,2434
West Bengal,2026-02-21,2440
West Bengal,2026-02-22,1884
West Bengal,2026-02-23,2157
West Bengal,2026-02-24,2138
West Bengal,2026-02-25,2374
West Bengal,2026-02-26,2496
West Bengal,2026-02-27,2474
West Bengal,2026-02-28,2465
West Bengal,2026-03-01,2259
West Bengal,2026-03-02,1877
West Bengal,2026-03-03,1777
West Bengal,2026-03-04,2878
West Bengal,2026-03-05,2512
West Bengal,2026-03-06,2355
West Bengal,2026-03-07,2410
West Bengal,2026-03-08,1793
West Bengal,2026-03-09,2609
West Bengal,2026-03-10,2341
West Bengal,2026-03-11,2596
West Bengal,2026-03-12,2329
West Bengal,2026-03-13,2669
West Bengal,2026-03-14,2560
West Bengal,2026-03-15,2273
West Bengal,2026-03-16,1877
West Bengal,2026-03-17,1777
West Bengal,2026-03-18,2878
West Bengal,2026-03-19,2512
West Bengal,2026-03-20,2355
West Bengal,2026-03-21,2410
West Bengal,2026-03-22,1793
Telangana,2025-12-13,1360
Telangana,2025-12-14,1053
Telangana,2025-12-15,1408
Telangana,2025-12-16,1193
Telangana,2025-12-17,1209
Telangana,2025-12-18,1063
Telangana,2025-12-19,912
Telangana,2025-12-20,1123
Telangana,2025-12-21,819
Telangana,2025-12-22,742
Telangana,2025-12-23,905
Telangana,2025-12-24,1070
Telangana,2025-12-25,912
Telangana,2025-12-26,1100
Telangana,2025-12-27,905
Telangana,2025-12-28,921
Telangana,2025-12-29,1399
Telangana,2025-12-30,1193
Telangana,2025-12-31,1209
Telangana,2026-01-01,962
Telangana,2026-01-02,653
Telangana,2026-01-03,699
Telangana,2026-01-04,695
Telangana,2026-01-05,1102
Telangana,2026-01-06,1341
Telangana,2026-01-07,997
Telangana,2026-01-08,652
Telangana,2026-01-09,739
Telangana,2026-01-10,695
Telangana,2026-01-11,695
Telangana,2026-01-12,1102
Telangana,2026-01-13,1341
Telangana,2026-01-14,997
Telangana,2026-01-15,652
Telangana,2026-01-16,739
Telangana,2026-01-17,695
Telangana,2026-01-18,695
Telangana,2026-01-19,1102
Telangana,2026-01-20,1341
Telangana,2026-01-21,997
Telangana,2026-01-22,652
Telangana,2026-01-23,739
Telangana,2026-01-24,695
Telangana,2026-01-25,695
Telangana,2026-01-26,1102
Telangana,2026-01-27,1341
Telangana,2026-01-28,997
Telangana,2026-01-29,652
Telangana,2026-01-30,739
Telangana,2026-01-31,695
Telangana,2026-02-01,848
Telangana,2026-02-02,878
Telangana,2026-02-03,1295
Telangana,2026-02-04,1188
Telangana,2026-02-05,1025
Telangana,2026-02-06,874
Telangana,2026-02-07,1255
Telangana,2026-02-08,1234
Telangana,2026-02-09,1195
Telangana,2026-02-10,1368
Telangana,2026-02-11,1042
Telangana,2026-02-12,873
Telangana,2026-02-13,1240
Telangana,2026-02-14,1307
Telangana,2026-02-15,1257
Telangana,2026-02-16,1195
Telangana,2026-02-17,1368
Telangana,2026-02-18,1042
Telangana,2026-02-19,873
Telangana,2026-02-20,1240
Telangana,2026-02-21,1307
Telangana,2026-02-22,1257
Telangana,2026-02-23,1195
Telangana,2026-02-24,1368
Telangana,2026-02-25,1042
Telangana,2026-02-26,873
Telangana,2026-02-27,1240
Telangana,2026-02-28,1307
Telangana,2026-03-01,1245
Telangana,2026-03-02,1181
Telangana,2026-03-03,1306
Telangana,2026-03-04,1196
Telangana,2026-03-05,1015
Telangana,2026-03-06,865
Telangana,2026-03-07,1242
Telangana,2026-03-08,1222
Telangana,2026-03-09,1181
Telangana,2026-03-10,1306
Telangana,2026-03-11,1196
Telangana,2026-03-12,1015
Telangana,2026-03-13,865
Telangana,2026-03-14,1242
Telangana,2026-03-15,1222
Telangana,2026-03-16,1181
Telangana,2026-03-17,1306
Telangana,2026-03-18,1196
Telangana,2026-03-19,1015
Telangana,2026-03-20,865
Telangana,2026-03-21,1242
Telangana,2026-03-22,1222
Odisha,2025-12-13,1260
Odisha,2025-12-14,585
Odisha,2025-12-15,864
Odisha,2025-12-16,1008
Odisha,2025-12-17,940
Odisha,2025-12-18,1010
Odisha,2025-12-19,1046
Odisha,2025-12-20,1141
Odisha,2025-12-21,1140
Odisha,2025-12-22,1001
Odisha,2025-12-23,940
Odisha,2025-12-24,1009
Odisha,2025-12-25,940
Odisha,2025-12-26,1123
Odisha,2025-12-27,1135
Odisha,2025-12-28,1140
Odisha,2025-12-29,1001
Odisha,2025-12-30,940
Odisha,2025-12-31,1009
Odisha,2026-01-01,1050
Odisha,2026-01-02,1008
Odisha,2026-01-03,1006
Odisha,2026-01-04,890
Odisha,2026-01-05,1121
Odisha,2026-01-06,1088
Odisha,2026-01-07,1017
Odisha,2026-01-08,1050
Odisha,2026-01-09,1008
Odisha,2026-01-10,1006
Odisha,2026-01-11,890
Odisha,2026-01-12,1121
Odisha,2026-01-13,1088
Odisha,2026-01-14,1017
Odisha,2026-01-15,1050
Odisha,2026-01-16,1008
Odisha,2026-01-17,1006
Odisha,2026-01-18,890
Odisha,2026-01-19,1121
Odisha,2026-01-20,1088
Odisha,2026-01-21,1017
Odisha,2026-01-22,1050
Odisha,2026-01-23,1008
Odisha,2026-01-24,1006
Odisha,2026-01-25,890
Odisha,2026-01-26,1121
Odisha,2026-01-27,1088
Odisha,2026-01-28,1017
Odisha,2026-01-29,1050
Odisha,2026-01-30,1008
Odisha,2026-01-31,1006
Odisha,2026-02-01,995
Odisha,2026-02-02,1137
Odisha,2026-02-03,1099
Odisha,2026-02-04,1027
Odisha,2026-02-05,1064
Odisha,2026-02-06,1046
Odisha,2026-02-07,1055
Odisha,2026-02-08,995
Odisha,2026-02-09,1137
Odisha,2026-02-10,1099
Odisha,2026-02-11,1027
Odisha,2026-02-12,1064
Odisha,2026-02-13,1046
Odisha,2026-02-14,1055
Odisha,2026-02-15,995
Odisha,2026-02-16,1137
Odisha,2026-02-17,1099
Odisha,2026-02-18,1027
Odisha,2026-02-19,1064
Odisha,2026-02-20,1046
Odisha,2026-02-21,1055
Odisha,2026-02-22,995
Odisha,2026-02-23,1137
Odisha,2026-02-24,1099
Odisha,2026-02-25,1027
Odisha,2026-02-26,1064
Odisha,2026-02-27,1046
Odisha,2026-02-28,1055
Odisha,2026-03-01,1097
Odisha,2026-03-02,1608
Odisha,2026-03-03,1988
Odisha,2026-03-04,1588
Odisha,2026-03-05,1659
Odisha,2026-03-06,1862
Odisha,2026-03-07,1603
Odisha,2026-03-08,1559
Odisha,2026-03-09,1651
Odisha,2026-03-10,1865
Odisha,2026-03-11,1585
Odisha,2026-03-12,1667
Odisha,2026-03-13,1862
Odisha,2026-03-14,1603
Odisha,2026-03-15,1559
Odisha,2026-03-16,1651
Odisha,2026-03-17,1865
Odisha,2026-03-18,1585
Odisha,2026-03-19,1667
Odisha,2026-03-20,1862
Odisha,2026-03-21,1603
Odisha,2026-03-22,1559
Maharashtra,2025-12-13,1753
Maharashtra,2025-12-14,1879
Maharashtra,2025-12-15,2292
Maharashtra,2025-12-16,1825
Maharashtra,2025-12-17,1961
Maharashtra,2025-12-18,2505
Maharashtra,2025-12-19,1797
Maharashtra,2025-12-20,2089
Maharashtra,2025-12-21,2594
Maharashtra,2025-12-22,1742
Maharashtra,2025-12-23,1712
Maharashtra,2025-12-24,1760
Maharashtra,2025-12-25,1963
Maharashtra,2025-12-26,2541
Maharashtra,2025-12-27,1807
Maharashtra,2025-12-28,2092
Maharashtra,2025-12-29,2277
Maharashtra,2025-12-30,1825
Maharashtra,2025-12-31,1961
Maharashtra,2026-01-01,1323
Maharashtra,2026-01-02,1302
Maharashtra,2026-01-03,1382
Maharashtra,2026-01-04,1354
Maharashtra,2026-01-05,1218
Maharashtra,2026-01-06,1310
Maharashtra,2026-01-07,1328
Maharashtra,2026-01-08,1321
Maharashtra,2026-01-09,1302
Maharashtra,2026-01-10,1382
Maharashtra,2026-01-11,1354
Maharashtra,2026-01-12,1218
Maharashtra,2026-01-13,1310
Maharashtra,2026-01-14,1328
Maharashtra,2026-01-15,1321
Maharashtra,2026-01-16,1302
Maharashtra,2026-01-17,1382
Maharashtra,2026-01-18,1354
Maharashtra,2026-01-19,1218
Maharashtra,2026-01-20,1310
Maharashtra,2026-01-21,1328
Maharashtra,2026-01-22,1321
Maharashtra,2026-01-23,1302
Maharashtra,2026-01-24,1382
Maharashtra,2026-01-25,1354
Maharashtra,2026-01-26,1218
Maharashtra,2026-01-27,1310
Maharashtra,2026-01-28,1328
Maharashtra,2026-01-29,1321
Maharashtra,2026-01-30,1302
Maharashtra,2026-01-31,1382
Maharashtra,2026-02-01,1850
Maharashtra,2026-02-02,1621
Maharashtra,2026-02-03,1479
Maharashtra,2026-02-04,1560
Maharashtra,2026-02-05,1514
Maharashtra,2026-02-06,1695
Maharashtra,2026-02-07,1675
Maharashtra,2026-02-08,1756
Maharashtra,2026-02-09,1349
Maharashtra,2026-02-10,1620
Maharashtra,2026-02-11,1511
Maharashtra,2026-02-12,1560
Maharashtra,2026-02-13,1645
Maharashtra,2026-02-14,1675
Maharashtra,2026-02-15,1756
Maharashtra,2026-02-16,1349
Maharashtra,2026-02-17,1620
Maharashtra,2026-02-18,1511
Maharashtra,2026-02-19,1560
Maharashtra,2026-02-20,1645
Maharashtra,2026-02-21,1675
Maharashtra,2026-02-22,1756
Maharashtra,2026-02-23,1349
Maharashtra,2026-02-24,1620
Maharashtra,2026-02-25,1511
Maharashtra,2026-02-26,1560
Maharashtra,2026-02-27,1645
Maharashtra,2026-02-28,1675
Maharashtra,2026-03-01,1953
Maharashtra,2026-03-02,1347
Maharashtra,2026-03-03,2047
Maharashtra,2026-03-04,2689
Maharashtra,2026-03-05,1998
Maharashtra,2026-03-06,2620
Maharashtra,2026-03-07,2029
Maharashtra,2026-03-08,2557
Maharashtra,2026-03-09,1282
Maharashtra,2026-03-10,2047
Maharashtra,2026-03-11,2689
Maharashtra,2026-03-12,1998
Maharashtra,2026-03-13,2620
Maharashtra,2026-03-14,2029
Maharashtra,2026-03-15,2557
Maharashtra,2026-03-16,1282
Maharashtra,2026-03-17,2047
Maharashtra,2026-03-18,2689
Maharashtra,2026-03-19,1998
Maharashtra,2026-03-20,2620
Maharashtra,2026-03-21,2029
Maharashtra,2026-03-22,2557
Kerala,2025-12-13,189
Kerala,2025-12-14,1041
Kerala,2025-12-15,988
Kerala,2025-12-16,976
Kerala,2025-12-17,1067
Kerala,2025-12-18,1067
Kerala,2025-12-19,1142
Kerala,2025-12-20,1118
Kerala,2025-12-21,956
Kerala,2025-12-22,988
Kerala,2025-12-23,976
Kerala,2025-12-24,1067
Kerala,2025-12-25,1067
Kerala,2025-12-26,1142
Kerala,2025-12-27,1118
Kerala,2025-12-28,956
Kerala,2025-12-29,988
Kerala,2025-12-30,976
Kerala,2025-12-31,1067
Kerala,2026-01-01,1650
Kerala,2026-01-02,1572
Kerala,2026-01-03,1566
Kerala,2026-01-04,1409
Kerala,2026-01-05,1620
Kerala,2026-01-06,1674
Kerala,2026-01-07,1647
Kerala,2026-01-08,1421
Kerala,2026-01-09,1813
Kerala,2026-01-10,1787
Kerala,2026-01-11,1612
Kerala,2026-01-12,1537
Kerala,2026-01-13,1953
Kerala,2026-01-14,424
Kerala,2026-01-15,1630
Kerala,2026-01-16,1572
Kerala,2026-01-17,1566
Kerala,2026-01-18,1409
Kerala,2026-01-19,1620
Kerala,2026-01-20,1674
Kerala,2026-01-21,1647
Kerala,2026-01-22,1421
Kerala,2026-01-23,1813
Kerala,2026-01-24,1787
Kerala,2026-01-25,1612
Kerala,2026-01-26,1537
Kerala,2026-01-27,1953
Kerala,2026-01-28,424
Kerala,2026-01-29,1630
Kerala,2026-01-30,1572
Kerala,2026-01-31,1566
Kerala,2026-02-01,1416
Kerala,2026-02-02,1620
Kerala,2026-02-03,1683
Kerala,2026-02-04,1612
Kerala,2026-02-05,1429
Kerala,2026-02-06,1813
Kerala,2026-02-07,1791
Kerala,2026-02-08,1611
Kerala,2026-02-09,1545
Kerala,2026-02-10,1683
Kerala,2026-02-11,1612
Kerala,2026-02-12,1429
Kerala,2026-02-13,1813
Kerala,2026-02-14,1791
Kerala,2026-02-15,1611
Kerala,2026-02-16,1545
Kerala,2026-02-17,1683
Kerala,2026-02-18,1612
Kerala,2026-02-19,1429
Kerala,2026-02-20,1813
Kerala,2026-02-21,1791
Kerala,2026-02-22,1611
Kerala,2026-02-23,1545
Kerala,2026-02-24,1683
Kerala,2026-02-25,1612
Kerala,2026-02-26,1429
Kerala,2026-02-27,1813
Kerala,2026-02-28,1791
Kerala,2026-03-01,1617
Kerala,2026-03-02,1545
Kerala,2026-03-03,1683
Kerala,2026-03-04,1612
Kerala,2026-03-05,1429
Kerala,2026-03-06,1817
Kerala,2026-03-07,1801
Kerala,2026-03-08,1617
Kerala,2026-03-09,1545
Kerala,2026-03-10,1683
Kerala,2026-03-11,1612
Kerala,2026-03-12,1429
Kerala,2026-03-13,1817
Kerala,2026-03-14,1801
Kerala,2026-03-15,1617
Kerala,2026-03-16,1545
Kerala,2026-03-17,1683
Kerala,2026-03-18,1612
Kerala,2026-03-19,1429
Kerala,2026-03-20,1817
Kerala,2026-03-21,1801
Kerala,2026-03-22,1617
Bihar,2025-12-13,1035
Bihar,2025-12-14,718
Bihar,2025-12-15,1230
Bihar,2025-12-16,659
Bihar,2025-12-17,651
Bihar,2025-12-18,702
Bihar,2025-12-19,1509
Bihar,2025-12-20,1419
Bihar,2025-12-21,1097
Bihar,2025-12-22,816
Bihar,2025-12-23,1174
Bihar,2025-12-24,636
Bihar,2025-12-25,700
Bihar,2025-12-26,1509
Bihar,2025-12-27,1419
Bihar,2025-12-28,1097
Bihar,2025-12-29,816
Bihar,2025-12-30,1174
Bihar,2025-12-31,636
Bihar,2026-01-01,718
Bihar,2026-01-02,1179
Bihar,2026-01-03,848
Bihar,2026-01-04,1181
Bihar,2026-01-05,1001
Bihar,2026-01-06,1204
Bihar,2026-01-07,841
Bihar,2026-01-08,1207
Bihar,2026-01-09,834
Bihar,2026-01-10,1089
Bihar,2026-01-11,820
Bihar,2026-01-12,1268
Bihar,2026-01-13,1253
Bihar,2026-01-14,875
Bihar,2026-01-15,1207
Bihar,2026-01-16,834
Bihar,2026-01-17,1089
Bihar,2026-01-18,820
Bihar,2026-01-19,1268
Bihar,2026-01-20,1253
Bihar,2026-01-21,875
Bihar,2026-01-22,1207
Bihar,2026-01-23,834
Bihar,2026-01-24,1089
Bihar,2026-01-25,820
Bihar,2026-01-26,1268
Bihar,2026-01-27,1253
Bihar,2026-01-28,875
Bihar,2026-01-29,1207
Bihar,2026-01-30,834
Bihar,2026-01-31,1089
Bihar,2026-02-01,863
Bihar,2026-02-02,1281
Bihar,2026-02-03,1274
Bihar,2026-02-04,1215
Bihar,2026-02-05,828
Bihar,2026-02-06,1240
Bihar,2026-02-07,878
Bihar,2026-02-08,1234
Bihar,2026-02-09,1004
Bihar,2026-02-10,1156
Bihar,2026-02-11,844
Bihar,2026-02-12,1213
Bihar,2026-02-13,837
Bihar,2026-02-14,1250
Bihar,2026-02-15,873
Bihar,2026-02-16,1281
Bihar,2026-02-17,1274
Bihar,2026-02-18,1215
Bihar,2026-02-19,828
Bihar,2026-02-20,1240
Bihar,2026-02-21,878
Bihar,2026-02-22,1234
Bihar,2026-02-23,1004
Bihar,2026-02-24,1156
Bihar,2026-02-25,844
Bihar,2026-02-26,1213
Bihar,2026-02-27,837
Bihar,2026-02-28,1250
Bihar,2026-03-01,872
Bihar,2026-03-02,1276
Bihar,2026-03-03,1271
Bihar,2026-03-04,1202
Bihar,2026-03-05,827
Bihar,2026-03-06,1239
Bihar,2026-03-07,878
Bihar,2026-03-08,1232
Bihar,2026-03-09,1000
Bihar,2026-03-10,1203
Bihar,2026-03-11,842
Bihar,2026-03-12,1213
Bihar,2026-03-13,836
Bihar,2026-03-14,1249
Bihar,2026-03-15,872
Bihar,2026-03-16,1276
Bihar,2026-03-17,1271
Bihar,2026-03-18,1202
Bihar,2026-03-19,827
Bihar,2026-03-20,1239
Bihar,2026-03-21,878
Bihar,2026-03-22,1232
Tamil Nadu,2025-12-13,1466
Tamil Nadu,2025-12-14,2555
Tamil Nadu,2025-12-15,1996
Tamil Nadu,2025-12-16,2716
Tamil Nadu,2025-12-17,2698
Tamil Nadu,2025-12-18,1541
Tamil Nadu,2025-12-19,3485
Tamil Nadu,2025-12-20,1466
Tamil Nadu,2025-12-21,2555
Tamil Nadu,2025-12-22,1996
Tamil Nadu,2025-12-23,2716
Tamil Nadu,2025-12-24,2698
Tamil Nadu,2025-12-25,1541
Tamil Nadu,2025-12-26,3485
Tamil Nadu,2025-12-27,1466
Tamil Nadu,2025-12-28,2555
Tamil Nadu,2025-12-29,1996
Tamil Nadu,2025-12-30,2716
Tamil Nadu,2025-12-31,2698
Tamil Nadu,2026-01-01,1014
Tamil Nadu,2026-01-02,2021
Tamil Nadu,2026-01-03,3062
Tamil Nadu,2026-01-04,2134
Tamil Nadu,2026-01-05,3054
Tamil Nadu,2026-01-06,2531
Tamil Nadu,2026-01-07,2363
Tamil Nadu,2026-01-08,3528
Tamil Nadu,2026-01-09,2573
Tamil Nadu,2026-01-10,2543
Tamil Nadu,2026-01-11,2277
Tamil Nadu,2026-01-12,3076
Tamil Nadu,2026-01-13,2531
Tamil Nadu,2026-01-14,2363
Tamil Nadu,2026-01-15,3528
Tamil Nadu,2026-01-16,2573
Tamil Nadu,2026-01-17,2543
Tamil Nadu,2026-01-18,2277
Tamil Nadu,2026-01-19,3076
Tamil Nadu,2026-01-20,2531
Tamil Nadu,2026-01-21,2363
Tamil Nadu,2026-01-22,3528
Tamil Nadu,2026-01-23,2573
Tamil Nadu,2026-01-24,2543
Tamil Nadu,2026-01-25,2277
Tamil Nadu,2026-01-26,3076
Tamil Nadu,2026-01-27,2531
Tamil Nadu,2026-01-28,2363
Tamil Nadu,2026-01-29,3528
Tamil Nadu,2026-01-30,2573
Tamil Nadu,2026-01-31,2543
Tamil Nadu,2026-02-01,2272
Tamil Nadu,2026-02-02,3076
Tamil Nadu,2026-02-03,2531
Tamil Nadu,2026-02-04,2363
Tamil Nadu,2026-02-05,3527
Tamil Nadu,2026-02-06,2575
Tamil Nadu,2026-02-07,2544
Tamil Nadu,2026-02-08,2272
Tamil Nadu,2026-02-09,3076
Tamil Nadu,2026-02-10,2531
Tamil Nadu,2026-02-11,2363
Tamil Nadu,2026-02-12,3527
Tamil Nadu,2026-02-13,2575
Tamil Nadu,2026-02-14,2544
Tamil Nadu,2026-02-15,2272
Tamil Nadu,2026-02-16,3076
Tamil Nadu,2026-02-17,2531
Tamil Nadu,2026-02-18,2363
Tamil Nadu,2026-02-19,3527
Tamil Nadu,2026-02-20,2575
Tamil Nadu,2026-02-21,2544
Tamil Nadu,2026-02-22,2272
Tamil Nadu,2026-02-23,3076
Tamil Nadu,2026-02-24,2531
Tamil Nadu,2026-02-25,2363
Tamil Nadu,2026-02-26,3527
Tamil Nadu,2026-02-27,2575
Tamil Nadu,2026-02-28,2544
Tamil Nadu,2026-03-01,2210
Tamil Nadu,2026-03-02,3056
Tamil Nadu,2026-03-03,2358
Tamil Nadu,2026-03-04,2948
Tamil Nadu,2026-03-05,930
Tamil Nadu,2026-03-06,2021
Tamil Nadu,2026-03-07,3002
Tamil Nadu,2026-03-08,2084
Tamil Nadu,2026-03-09,3054
Tamil Nadu,2026-03-10,2358
Tamil Nadu,2026-03-11,2948
Tamil Nadu,2026-03-12,930
Tamil Nadu,2026-03-13,2021
Tamil Nadu,2026-03-14,3002
Tamil Nadu,2026-03-15,2084
Tamil Nadu,2026-03-16,3054
Tamil Nadu,2026-03-17,2358
Tamil Nadu,2026-03-18,2948
Tamil Nadu,2026-03-19,930
Tamil Nadu,2026-03-20,2021
Tamil Nadu,2026-03-21,3002
Tamil Nadu,2026-03-22,2084
Madhya Pradesh,2025-12-13,878
Madhya Pradesh,2025-12-14,872
Madhya Pradesh,2025-12-15,812
Madhya Pradesh,2025-12-16,1038
Madhya Pradesh,2025-12-17,913
Madhya Pradesh,2025-12-18,980
Madhya Pradesh,2025-12-19,946
Madhya Pradesh,2025-12-20,970
Madhya Pradesh,2025-12-21,842
Madhya Pradesh,2025-12-22,883
Madhya Pradesh,2025-12-23,935
Madhya Pradesh,2025-12-24,992
Madhya Pradesh,2025-12-25,937
Madhya Pradesh,2025-12-26,979
Madhya Pradesh,2025-12-27,937
Madhya Pradesh,2025-12-28,872
Madhya Pradesh,2025-12-29,812
Madhya Pradesh,2025-12-30,1038
Madhya Pradesh,2025-12-31,913
Madhya Pradesh,2026-01-01,439
Madhya Pradesh,2026-01-02,860
Madhya Pradesh,2026-01-03,368
Madhya Pradesh,2026-01-04,664
Madhya Pradesh,2026-01-05,331
Madhya Pradesh,2026-01-06,579
Madhya Pradesh,2026-01-07,875
Madhya Pradesh,2026-01-08,369
Madhya Pradesh,2026-01-09,860
Madhya Pradesh,2026-01-10,368
Madhya Pradesh,2026-01-11,664
Madhya Pradesh,2026-01-12,331
Madhya Pradesh,2026-01-13,579
Madhya Pradesh,2026-01-14,875
Madhya Pradesh,2026-01-15,369
Madhya Pradesh,2026-01-16,860
Madhya Pradesh,2026-01-17,368
Madhya Pradesh,2026-01-18,664
Madhya Pradesh,2026-01-19,331
Madhya Pradesh,2026-01-20,579
Madhya Pradesh,2026-01-21,875
Madhya Pradesh,2026-01-22,369
Madhya Pradesh,2026-01-23,860
Madhya Pradesh,2026-01-24,368
Madhya Pradesh,2026-01-25,664
Madhya Pradesh,2026-01-26,331
Madhya Pradesh,2026-01-27,579
Madhya Pradesh,2026-01-28,875
Madhya Pradesh,2026-01-29,369
Madhya Pradesh,2026-01-30,860
Madhya Pradesh,2026-01-31,368
Madhya Pradesh,2026-02-01,845
Madhya Pradesh,2026-02-02,609
Madhya Pradesh,2026-02-03,1014
Madhya Pradesh,2026-02-04,903
Madhya Pradesh,2026-02-05,993
Madhya Pradesh,2026-02-06,853
Madhya Pradesh,2026-02-07,821
Madhya Pradesh,2026-02-08,871
Madhya Pradesh,2026-02-09,608
Madhya Pradesh,2026-02-10,1014
Madhya Pradesh,2026-02-11,903
Madhya Pradesh,2026-02-12,993
Madhya Pradesh,2026-02-13,853
Madhya Pradesh,2026-02-14,821
Madhya Pradesh,2026-02-15,871
Madhya Pradesh,2026-02-16,608
Madhya Pradesh,2026-02-17,1014
Madhya Pradesh,2026-02-18,903
Madhya Pradesh,2026-02-19,993
Madhya Pradesh,2026-02-20,853
Madhya Pradesh,2026-02-21,821
Madhya Pradesh,2026-02-22,871
Madhya Pradesh,2026-02-23,608
Madhya Pradesh,2026-02-24,1014
Madhya Pradesh,2026-02-25,903
Madhya Pradesh,2026-02-26,993
Madhya Pradesh,2026-02-27,853
Madhya Pradesh,2026-02-28,821
Madhya Pradesh,2026-03-01,841
Madhya Pradesh,2026-03-02,653
Madhya Pradesh,2026-03-03,992
Madhya Pradesh,2026-03-04,905
Madhya Pradesh,2026-03-05,995
Madhya Pradesh,2026-03-06,854
Madhya Pradesh,2026-03-07,821
Madhya Pradesh,2026-03-08,841
Madhya Pradesh,2026-03-09,653
Madhya Pradesh,2026-03-10,992
Madhya Pradesh,2026-03-11,905
Madhya Pradesh,2026-03-12,995
Madhya Pradesh,2026-03-13,854
Madhya Pradesh,2026-03-14,821
Madhya Pradesh,2026-03-15,841
Madhya Pradesh,2026-03-16,653
Madhya Pradesh,2026-03-17,992
Madhya Pradesh,2026-03-18,905
Madhya Pradesh,2026-03-19,995
Madhya Pradesh,2026-03-20,854
Madhya Pradesh,2026-03-21,821
Madhya Pradesh,2026-03-22,841
Assam,2025-12-13,476
Assam,2025-12-14,186
Assam,2025-12-15,379
Assam,2025-12-16,366
Assam,2025-12-17,368
Assam,2025-12-18,420
Assam,2025-12-19,641
Assam,2025-12-20,564
Assam,2025-12-21,604
Assam,2025-12-22,451
Assam,2025-12-23,409
Assam,2025-12-24,428
Assam,2025-12-25,472
Assam,2025-12-26,604
Assam,2025-12-27,604
Assam,2025-12-28,604
Assam,2025-12-29,451
Assam,2025-12-30,409
Assam,2025-12-31,428
Assam,2026-01-01,588
Assam,2026-01-02,477
Assam,2026-01-03,39
Assam,2026-01-04,62
Assam,2026-01-05,551
Assam,2026-01-06,584
Assam,2026-01-07,582
Assam,2026-01-08,585
Assam,2026-01-09,477
Assam,2026-01-10,39
Assam,2026-01-11,62
Assam,2026-01-12,551
Assam,2026-01-13,584
Assam,2026-01-14,582
Assam,2026-01-15,585
Assam,2026-01-16,477
Assam,2026-01-17,39
Assam,2026-01-18,62
Assam,2026-01-19,551
Assam,2026-01-20,584
Assam,2026-01-21,582
Assam,2026-01-22,585
Assam,2026-01-23,477
Assam,2026-01-24,39
Assam,2026-01-25,62
Assam,2026-01-26,551
Assam,2026-01-27,584
Assam,2026-01-28,582
Assam,2026-01-29,585
Assam,2026-01-30,477
Assam,2026-01-31,39
Assam,2026-02-01,143
Assam,2026-02-02,449
Assam,2026-02-03,481
Assam,2026-02-04,466
Assam,2026-02-05,497
Assam,2026-02-06,534
Assam,2026-02-07,160
Assam,2026-02-08,143
Assam,2026-02-09,449
Assam,2026-02-10,481
Assam,2026-02-11,466
Assam,2026-02-12,497
Assam,2026-02-13,534
Assam,2026-02-14,160
Assam,2026-02-15,143
Assam,2026-02-16,449
Assam,2026-02-17,481
Assam,2026-02-18,466
Assam,2026-02-19,497
Assam,2026-02-20,534
Assam,2026-02-21,160
Assam,2026-02-22,143
Assam,2026-02-23,449
Assam,2026-02-24,481
Assam,2026-02-25,466
Assam,2026-02-26,497
Assam,2026-02-27,534
Assam,2026-02-28,160
Assam,2026-03-01,143
Assam,2026-03-02,453
Assam,2026-03-03,486
Assam,2026-03-04,466
Assam,2026-03-05,497
Assam,2026-03-06,534
Assam,2026-03-07,160
Assam,2026-03-08,143
Assam,2026-03-09,453
Assam,2026-03-10,486
Assam,2026-03-11,466
Assam,2026-03-12,497
Assam,2026-03-13,534
Assam,2026-03-14,160
Assam,2026-03-15,143
Assam,2026-03-16,453
Assam,2026-03-17,486
Assam,2026-03-18,466
Assam,2026-03-19,497
Assam,2026-03-20,534
Assam,2026-03-21,160
Assam,2026-03-22,143
Tripura,2025-12-13,49
Tripura,2025-12-14,60
Tripura,2025-12-15,86
Tripura,2025-12-16,117
Tripura,2025-12-17,117
Tripura,2025-12-18,114
Tripura,2025-12-19,129
Tripura,2025-12-20,122
Tripura,2025-12-21,128
Tripura,2025-12-22,110
Tripura,2025-12-23,116
Tripura,2025-12-24,117
Tripura,2025-12-25,114
Tripura,2025-12-26,129
Tripura,2025-12-27,122
Tripura,2025-12-28,128
Tripura,2025-12-29,110
Tripura,2025-12-30,116
Tripura,2025-12-31,117
Tripura,2026-01-01,105
Tripura,2026-01-02,104
Tripura,2026-01-03,104
Tripura,2026-01-04,104
Tripura,2026-01-05,108
Tripura,2026-01-06,109
Tripura,2026-01-07,105
Tripura,2026-01-08,104
Tripura,2026-01-09,104
Tripura,2026-01-10,104
Tripura,2026-01-11,104
Tripura,2026-01-12,108
Tripura,2026-01-13,109
Tripura,2026-01-14,105
Tripura,2026-01-15,104
Tripura,2026-01-16,104
Tripura,2026-01-17,104
Tripura,2026-01-18,104
Tripura,2026-01-19,108
Tripura,2026-01-20,109
Tripura,2026-01-21,105
Tripura,2026-01-22,104
Tripura,2026-01-23,104
Tripura,2026-01-24,104
Tripura,2026-01-25,104
Tripura,2026-01-26,108
Tripura,2026-01-27,109
Tripura,2026-01-28,105
Tripura,2026-01-29,104
Tripura,2026-01-30,104
Tripura,2026-01-31,104
Tripura,2026-02-01,104
Tripura,2026-02-02,108
Tripura,2026-02-03,109
Tripura,2026-02-04,105
Tripura,2026-02-05,104
Tripura,2026-02-06,104
Tripura,2026-02-07,104
Tripura,2026-02-08,104
Tripura,2026-02-09,108
Tripura,2026-02-10,109
Tripura,2026-02-11,105
Tripura,2026-02-12,104
Tripura,2026-02-13,104
Tripura,2026-02-14,104
Tripura,2026-02-15,104
Tripura,2026-02-16,108
Tripura,2026-02-17,109
Tripura,2026-02-18,105
Tripura,2026-02-19,104
Tripura,2026-02-20,104
Tripura,2026-02-21,104
Tripura,2026-02-22,104
Tripura,2026-02-23,108
Tripura,2026-02-24,109
Tripura,2026-02-25,105
Tripura,2026-02-26,104
Tripura,2026-02-27,104
Tripura,2026-02-28,104
Tripura,2026-03-01,108
Tripura,2026-03-02,114
Tripura,2026-03-03,114
Tripura,2026-03-04,110
Tripura,2026-03-05,109
Tripura,2026-03-06,109
Tripura,2026-03-07,109
Tripura,2026-03-08,108
Tripura,2026-03-09,114
Tripura,2026-03-10,114
Tripura,2026-03-11,110
Tripura,2026-03-12,109
Tripura,2026-03-13,109
Tripura,2026-03-14,109
Tripura,2026-03-15,108
Tripura,2026-03-16,114
Tripura,2026-03-17,114
Tripura,2026-03-18,110
Tripura,2026-03-19,109
Tripura,2026-03-20,109
Tripura,2026-03-21,109
Tripura,2026-03-22,108
Arunachal Pradesh,2025-12-13,41
Arunachal Pradesh,2025-12-14,62
Arunachal Pradesh,2025-12-15,40
Arunachal Pradesh,2025-12-16,61
Arunachal Pradesh,2025-12-17,41
Arunachal Pradesh,2025-12-18,61
Arunachal Pradesh,2025-12-19,41
Arunachal Pradesh,2025-12-20,62
Arunachal Pradesh,2025-12-21,41
Arunachal Pradesh,2025-12-22,61
Arunachal Pradesh,2025-12-23,40
Arunachal Pradesh,2025-12-24,61
Arunachal Pradesh,2025-12-25,41
Arunachal Pradesh,2025-12-26,62
Arunachal Pradesh,2025-12-27,41
Arunachal Pradesh,2025-12-28,62
Arunachal Pradesh,2025-12-29,40
Arunachal Pradesh,2025-12-30,61
Arunachal Pradesh,2025-12-31,41
Arunachal Pradesh,2026-01-01,64
Arunachal Pradesh,2026-01-02,59
Arunachal Pradesh,2026-01-03,52
Arunachal Pradesh,2026-01-04,61
Arunachal Pradesh,2026-01-05,54
Arunachal Pradesh,2026-01-06,51
Arunachal Pradesh,2026-01-07,51
Arunachal Pradesh,2026-01-08,57
Arunachal Pradesh,2026-01-09,54
Arunachal Pradesh,2026-01-10,52
Arunachal Pradesh,2026-01-11,61
Arunachal Pradesh,2026-01-12,54
Arunachal Pradesh,2026-01-13,51
Arunachal Pradesh,2026-01-14,51
Arunachal Pradesh,2026-01-15,57
Arunachal Pradesh,2026-01-16,54
Arunachal Pradesh,2026-01-17,52
Arunachal Pradesh,2026-01-18,61
Arunachal Pradesh,2026-01-19,54
Arunachal Pradesh,2026-01-20,51
Arunachal Pradesh,2026-01-21,51
Arunachal Pradesh,2026-01-22,57
Arunachal Pradesh,2026-01-23,54
Arunachal Pradesh,2026-01-24,52
Arunachal Pradesh,2026-01-25,61
Arunachal Pradesh,2026-01-26,54
Arunachal Pradesh,2026-01-27,51
Arunachal Pradesh,2026-01-28,51
Arunachal Pradesh,2026-01-29,57
Arunachal Pradesh,2026-01-30,54
Arunachal Pradesh,2026-01-31,52
Arunachal Pradesh,2026-02-01,64
Arunachal Pradesh,2026-02-02,59
Arunachal Pradesh,2026-02-03,55
Arunachal Pradesh,2026-02-04,54
Arunachal Pradesh,2026-02-05,57
Arunachal Pradesh,2026-02-06,57
Arunachal Pradesh,2026-02-07,55
Arunachal Pradesh,2026-02-08,64
Arunachal Pradesh,2026-02-09,59
Arunachal Pradesh,2026-02-10,55
Arunachal Pradesh,2026-02-11,54
Arunachal Pradesh,2026-02-12,57
Arunachal Pradesh,2026-02-13,57
Arunachal Pradesh,2026-02-14,55
Arunachal Pradesh,2026-02-15,64
Arunachal Pradesh,2026-02-16,59
Arunachal Pradesh,2026-02-17,55
Arunachal Pradesh,2026-02-18,54
Arunachal Pradesh,2026-02-19,57
Arunachal Pradesh,2026-02-20,57
Arunachal Pradesh,2026-02-21,55
Arunachal Pradesh,2026-02-22,64
Arunachal Pradesh,2026-02-23,59
Arunachal Pradesh,2026-02-24,55
Arunachal Pradesh,2026-02-25,54
Arunachal Pradesh,2026-02-26,57
Arunachal Pradesh,2026-02-27,57
Arunachal Pradesh,2026-02-28,55
Arunachal Pradesh,2026-03-01,64
Arunachal Pradesh,2026-03-02,59
Arunachal Pradesh,2026-03-03,55
Arunachal Pradesh,2026-03-04,54
Arunachal Pradesh,2026-03-05,57
Arunachal Pradesh,2026-03-06,57
Arunachal Pradesh,2026-03-07,55
Arunachal Pradesh,2026-03-08,64
Arunachal Pradesh,2026-03-09,59
Arunachal Pradesh,2026-03-10,55
Arunachal Pradesh,2026-03-11,54
Arunachal Pradesh,2026-03-12,57
Arunachal Pradesh,2026-03-13,57
Arunachal Pradesh,2026-03-14,55
Arunachal Pradesh,2026-03-15,64
Arunachal Pradesh,2026-03-16,59
Arunachal Pradesh,2026-03-17,55
Arunachal Pradesh,2026-03-18,54
Arunachal Pradesh,2026-03-19,57
Arunachal Pradesh,2026-03-20,57
Arunachal Pradesh,2026-03-21,55
Arunachal Pradesh,2026-03-22,64
Punjab,2025-12-13,485
Punjab,2025-12-14,552
Punjab,2025-12-15,707
Punjab,2025-12-16,630
Punjab,2025-12-17,604
Punjab,2025-12-18,610
Punjab,2025-12-19,659
Punjab,2025-12-20,598
Punjab,2025-12-21,517
Punjab,2025-12-22,716
Punjab,2025-12-23,620
Punjab,2025-12-24,597
Punjab,2025-12-25,612
Punjab,2025-12-26,659
Punjab,2025-12-27,598
Punjab,2025-12-28,517
Punjab,2025-12-29,716
Punjab,2025-12-30,620
Punjab,2025-12-31,597
Punjab,2026-01-01,696
Punjab,2026-01-02,857
Punjab,2026-01-03,668
Punjab,2026-01-04,547
Punjab,2026-01-05,797
Punjab,2026-01-06,821
Punjab,2026-01-07,782
Punjab,2026-01-08,658
Punjab,2026-01-09,857
Punjab,2026-01-10,668
Punjab,2026-01-11,547
Punjab,2026-01-12,797
Punjab,2026-01-13,821
Punjab,2026-01-14,782
Punjab,2026-01-15,658
Punjab,2026-01-16,857
Punjab,2026-01-17,668
Punjab,2026-01-18,547
Punjab,2026-01-19,797
Punjab,2026-01-20,821
Punjab,2026-01-21,782
Punjab,2026-01-22,658
Punjab,2026-01-23,857
Punjab,2026-01-24,668
Punjab,2026-01-25,547
Punjab,2026-01-26,797
Punjab,2026-01-27,821
Punjab,2026-01-28,782
Punjab,2026-01-29,658
Punjab,2026-01-30,857
Punjab,2026-01-31,668
Punjab,2026-02-01,640
Punjab,2026-02-02,753
Punjab,2026-02-03,823
Punjab,2026-02-04,784
Punjab,2026-02-05,660
Punjab,2026-02-06,859
Punjab,2026-02-07,669
Punjab,2026-02-08,640
Punjab,2026-02-09,753
Punjab,2026-02-10,823
Punjab,2026-02-11,784
Punjab,2026-02-12,660
Punjab,2026-02-13,859
Punjab,2026-02-14,669
Punjab,2026-02-15,640
Punjab,2026-02-16,753
Punjab,2026-02-17,823
Punjab,2026-02-18,784
Punjab,2026-02-19,660
Punjab,2026-02-20,859
Punjab,2026-02-21,669
Punjab,2026-02-22,640
Punjab,2026-02-23,753
Punjab,2026-02-24,823
Punjab,2026-02-25,784
Punjab,2026-02-26,660
Punjab,2026-02-27,859
Punjab,2026-02-28,669
Punjab,2026-03-01,675
Punjab,2026-03-02,753
Punjab,2026-03-03,826
Punjab,2026-03-04,786
Punjab,2026-03-05,660
Punjab,2026-03-06,859
Punjab,2026-03-07,669
Punjab,2026-03-08,675
Punjab,2026-03-09,753
Punjab,2026-03-10,826
Punjab,2026-03-11,786
Punjab,2026-03-12,660
Punjab,2026-03-13,859
Punjab,2026-03-14,669
Punjab,2026-03-15,675
Punjab,2026-03-16,753
Punjab,2026-03-17,826
Punjab,2026-03-18,786
Punjab,2026-03-19,660
Punjab,2026-03-20,859
Punjab,2026-03-21,669
Punjab,2026-03-22,675
Jharkhand,2025-12-13,446
Jharkhand,2025-12-14,461
Jharkhand,2025-12-15,340
Jharkhand,2025-12-16,390
Jharkhand,2025-12-17,388
Jharkhand,2025-12-18,388
Jharkhand,2025-12-19,388
Jharkhand,2025-12-20,471
Jharkhand,2025-12-21,374
Jharkhand,2025-12-22,399
Jharkhand,2025-12-23,386
Jharkhand,2025-12-24,388
Jharkhand,2025-12-25,388
Jharkhand,2025-12-26,388
Jharkhand,2025-12-27,471
Jharkhand,2025-12-28,374
Jharkhand,2025-12-29,399
Jharkhand,2025-12-30,386
Jharkhand,2025-12-31,388
Jharkhand,2026-01-01,589
Jharkhand,2026-01-02,320
Jharkhand,2026-01-03,529
Jharkhand,2026-01-04,415
Jharkhand,2026-01-05,582
Jharkhand,2026-01-06,374
Jharkhand,2026-01-07,595
Jharkhand,2026-01-08,321
Jharkhand,2026-01-09,473
Jharkhand,2026-01-10,424
Jharkhand,2026-01-11,587
Jharkhand,2026-01-12,334
Jharkhand,2026-01-13,591
Jharkhand,2026-01-14,341
Jharkhand,2026-01-15,589
Jharkhand,2026-01-16,320
Jharkhand,2026-01-17,529
Jharkhand,2026-01-18,415
Jharkhand,2026-01-19,582
Jharkhand,2026-01-20,374
Jharkhand,2026-01-21,595
Jharkhand,2026-01-22,321
Jharkhand,2026-01-23,473
Jharkhand,2026-01-24,424
Jharkhand,2026-01-25,587
Jharkhand,2026-01-26,334
Jharkhand,2026-01-27,591
Jharkhand,2026-01-28,341
Jharkhand,2026-01-29,589
Jharkhand,2026-01-30,320
Jharkhand,2026-01-31,529
Jharkhand,2026-02-01,458
Jharkhand,2026-02-02,455
Jharkhand,2026-02-03,466
Jharkhand,2026-02-04,400
Jharkhand,2026-02-05,608
Jharkhand,2026-02-06,314
Jharkhand,2026-02-07,558
Jharkhand,2026-02-08,386
Jharkhand,2026-02-09,598
Jharkhand,2026-02-10,338
Jharkhand,2026-02-11,616
Jharkhand,2026-02-12,389
Jharkhand,2026-02-13,585
Jharkhand,2026-02-14,370
Jharkhand,2026-02-15,650
Jharkhand,2026-02-16,516
Jharkhand,2026-02-17,409
Jharkhand,2026-02-18,616
Jharkhand,2026-02-19,389
Jharkhand,2026-02-20,585
Jharkhand,2026-02-21,370
Jharkhand,2026-02-22,650
Jharkhand,2026-02-23,516
Jharkhand,2026-02-24,409
Jharkhand,2026-02-25,616
Jharkhand,2026-02-26,389
Jharkhand,2026-02-27,585
Jharkhand,2026-02-28,370
Jharkhand,2026-03-01,653
Jharkhand,2026-03-02,514
Jharkhand,2026-03-03,403
Jharkhand,2026-03-04,615
Jharkhand,2026-03-05,383
Jharkhand,2026-03-06,586
Jharkhand,2026-03-07,365
Jharkhand,2026-03-08,653
Jharkhand,2026-03-09,514
Jharkhand,2026-03-10,403
Jharkhand,2026-03-11,615
Jharkhand,2026-03-12,383
Jharkhand,2026-03-13,586
Jharkhand,2026-03-14,365
Jharkhand,2026-03-15,653
Jharkhand,2026-03-16,514
Jharkhand,2026-03-17,403
Jharkhand,2026-03-18,615
Jharkhand,2026-03-19,383
Jharkhand,2026-03-20,586
Jharkhand,2026-03-21,365
Jharkhand,2026-03-22,653
Delhi,2025-12-13,119
Delhi,2025-12-14,105
Delhi,2025-12-15,139
Delhi,2025-12-16,95
Delhi,2025-12-17,118
Delhi,2025-12-18,105
Delhi,2025-12-19,120
Delhi,2025-12-20,105
Delhi,2025-12-21,108
Delhi,2025-12-22,132
Delhi,2025-12-23,95
Delhi,2025-12-24,118
Delhi,2025-12-25,105
Delhi,2025-12-26,120
Delhi,2025-12-27,105
Delhi,2025-12-28,108
Delhi,2025-12-29,132
Delhi,2025-12-30,95
Delhi,2025-12-31,118
Delhi,2026-01-01,99
Delhi,2026-01-02,116
Delhi,2026-01-03,97
Delhi,2026-01-04,111
Delhi,2026-01-05,120
Delhi,2026-01-06,103
Delhi,2026-01-07,118
Delhi,2026-01-08,99
Delhi,2026-01-09,116
Delhi,2026-01-10,97
Delhi,2026-01-11,111
Delhi,2026-01-12,120
Delhi,2026-01-13,103
Delhi,2026-01-14,118
Delhi,2026-01-15,99
Delhi,2026-01-16,116
Delhi,2026-01-17,97
Delhi,2026-01-18,111
Delhi,2026-01-19,120
Delhi,2026-01-20,103
Delhi,2026-01-21,118
Delhi,2026-01-22,99
Delhi,2026-01-23,116
Delhi,2026-01-24,97
Delhi,2026-01-25,111
Delhi,2026-01-26,120
Delhi,2026-01-27,103
Delhi,2026-01-28,118
Delhi,2026-01-29,99
Delhi,2026-01-30,116
Delhi,2026-01-31,97
Delhi,2026-02-01,111
Delhi,2026-02-02,121
Delhi,2026-02-03,111
Delhi,2026-02-04,115
Delhi,2026-02-05,107
Delhi,2026-02-06,118
Delhi,2026-02-07,105
Delhi,2026-02-08,105
Delhi,2026-02-09,124
Delhi,2026-02-10,106
Delhi,2026-02-11,118
Delhi,2026-02-12,107
Delhi,2026-02-13,118
Delhi,2026-02-14,105
Delhi,2026-02-15,105
Delhi,2026-02-16,124
Delhi,2026-02-17,106
Delhi,2026-02-18,118
Delhi,2026-02-19,107
Delhi,2026-02-20,118
Delhi,2026-02-21,105
Delhi,2026-02-22,105
Delhi,2026-02-23,124
Delhi,2026-02-24,106
Delhi,2026-02-25,118
Delhi,2026-02-26,107
Delhi,2026-02-27,118
Delhi,2026-02-28,105
Delhi,2026-03-01,102
Delhi,2026-03-02,123
Delhi,2026-03-03,105
Delhi,2026-03-04,118
Delhi,2026-03-05,107
Delhi,2026-03-06,118
Delhi,2026-03-07,105
Delhi,2026-03-08,102
Delhi,2026-03-09,123
Delhi,2026-03-10,105
Delhi,2026-03-11,118
Delhi,2026-03-12,107
Delhi,2026-03-13,118
Delhi,2026-03-14,105
Delhi,2026-03-15,102
Delhi,2026-03-16,123
Delhi,2026-03-17,105
Delhi,2026-03-18,118
Delhi,2026-03-19,107
Delhi,2026-03-20,118
Delhi,2026-03-21,105
Delhi,2026-03-22,102
Chandigarh,2025-12-13,13
Chandigarh,2025-12-14,12
Chandigarh,2025-12-15,15
Chandigarh,2025-12-16,13
Chandigarh,2025-12-17,11
Chandigarh,2025-12-18,13
Chandigarh,2025-12-19,12
Chandigarh,2025-12-20,12
Chandigarh,2025-12-21,12
Chandigarh,2025-12-22,15
Chandigarh,2025-12-23,13
Chandigarh,2025-12-24,11
Chandigarh,2025-12-25,13
Chandigarh,2025-12-26,12
Chandigarh,2025-12-27,12
Chandigarh,2025-12-28,12
Chandigarh,2025-12-29,15
Chandigarh,2025-12-30,13
Chandigarh,2025-12-31,11
Chandigarh,2026-01-01,17
Chandigarh,2026-01-02,15
Chandigarh,2026-01-03,16
Chandigarh,2026-01-04,13
Chandigarh,2026-01-05,18
Chandigarh,2026-01-06,20
Chandigarh,2026-01-07,16
Chandigarh,2026-01-08,14
Chandigarh,2026-01-09,17
Chandigarh,2026-01-10,14
Chandigarh,2026-01-11,15
Chandigarh,2026-01-12,17
Chandigarh,2026-01-13,17
Chandigarh,2026-01-14,14
Chandigarh,2026-01-15,16
Chandigarh,2026-01-16,15
Chandigarh,2026-01-17,16
Chandigarh,2026-01-18,13
Chandigarh,2026-01-19,18
Chandigarh,2026-01-20,20
Chandigarh,2026-01-21,16
Chandigarh,2026-01-22,14
Chandigarh,2026-01-23,17
Chandigarh,2026-01-24,14
Chandigarh,2026-01-25,15
Chandigarh,2026-01-26,17
Chandigarh,2026-01-27,17
Chandigarh,2026-01-28,14
Chandigarh,2026-01-29,16
Chandigarh,2026-01-30,15
Chandigarh,2026-01-31,16
Chandigarh,2026-02-01,15
Chandigarh,2026-02-02,18
Chandigarh,2026-02-03,20
Chandigarh,2026-02-04,16
Chandigarh,2026-02-05,14
Chandigarh,2026-02-06,18
Chandigarh,2026-02-07,17
Chandigarh,2026-02-08,15
Chandigarh,2026-02-09,18
Chandigarh,2026-02-10,20
Chandigarh,2026-02-11,16
Chandigarh,2026-02-12,14
Chandigarh,2026-02-13,18
Chandigarh,2026-02-14,17
Chandigarh,2026-02-15,15
Chandigarh,2026-02-16,18
Chandigarh,2026-02-17,20
Chandigarh,2026-02-18,16
Chandigarh,2026-02-19,14
Chandigarh,2026-02-20,18
Chandigarh,2026-02-21,17
Chandigarh,2026-02-22,15
Chandigarh,2026-02-23,18
Chandigarh,2026-02-24,20
Chandigarh,2026-02-25,16
Chandigarh,2026-02-26,14
Chandigarh,2026-02-27,18
Chandigarh,2026-02-28,17
Chandigarh,2026-03-01,21
Chandigarh,2026-03-02,24
Chandigarh,2026-03-03,31
Chandigarh,2026-03-04,25
Chandigarh,2026-03-05,27
Chandigarh,2026-03-06,22
Chandigarh,2026-03-07,27
Chandigarh,2026-03-08,22
Chandigarh,2026-03-09,25
Chandigarh,2026-03-10,31
Chandigarh,2026-03-11,25
Chandigarh,2026-03-12,27
Chandigarh,2026-03-13,22
Chandigarh,2026-03-14,27
Chandigarh,2026-03-15,22
Chandigarh,2026-03-16,25
Chandigarh,2026-03-17,31
Chandigarh,2026-03-18,25
Chandigarh,2026-03-19,27
Chandigarh,2026-03-20,22
Chandigarh,2026-03-21,27
Chandigarh,2026-03-22,22
Chhattisgarh,2025-12-13,383
Chhattisgarh,2025-12-14,354
Chhattisgarh,2025-12-15,265
Chhattisgarh,2025-12-16,211
Chhattisgarh,2025-12-17,230
Chhattisgarh,2025-12-18,316
Chhattisgarh,2025-12-19,381
Chhattisgarh,2025-12-20,368
Chhattisgarh,2025-12-21,355
Chhattisgarh,2025-12-22,265
Chhattisgarh,2025-12-23,211
Chhattisgarh,2025-12-24,230
Chhattisgarh,2025-12-25,316
Chhattisgarh,2025-12-26,381
Chhattisgarh,2025-12-27,368
Chhattisgarh,2025-12-28,355
Chhattisgarh,2025-12-29,265
Chhattisgarh,2025-12-30,211
Chhattisgarh,2025-12-31,230
Chhattisgarh,2026-01-01,309
Chhattisgarh,2026-01-02,349
Chhattisgarh,2026-01-03,261
Chhattisgarh,2026-01-04,287
Chhattisgarh,2026-01-05,234
Chhattisgarh,2026-01-06,247
Chhattisgarh,2026-01-07,214
Chhattisgarh,2026-01-08,309
Chhattisgarh,2026-01-09,349
Chhattisgarh,2026-01-10,261
Chhattisgarh,2026-01-11,287
Chhattisgarh,2026-01-12,234
Chhattisgarh,2026-01-13,247
Chhattisgarh,2026-01-14,214
Chhattisgarh,2026-01-15,309
Chhattisgarh,2026-01-16,349
Chhattisgarh,2026-01-17,261
Chhattisgarh,2026-01-18,287
Chhattisgarh,2026-01-19,234
Chhattisgarh,2026-01-20,247
Chhattisgarh,2026-01-21,214
Chhattisgarh,2026-01-22,309
Chhattisgarh,2026-01-23,349
Chhattisgarh,2026-01-24,261
Chhattisgarh,2026-01-25,287
Chhattisgarh,2026-01-26,234
Chhattisgarh,2026-01-27,247
Chhattisgarh,2026-01-28,214
Chhattisgarh,2026-01-29,309
Chhattisgarh,2026-01-30,349
Chhattisgarh,2026-01-31,261
Chhattisgarh,2026-02-01,412
Chhattisgarh,2026-02-02,371
Chhattisgarh,2026-02-03,369
Chhattisgarh,2026-02-04,360
Chhattisgarh,2026-02-05,367
Chhattisgarh,2026-02-06,387
Chhattisgarh,2026-02-07,391
Chhattisgarh,2026-02-08,382
Chhattisgarh,2026-02-09,366
Chhattisgarh,2026-02-10,386
Chhattisgarh,2026-02-11,342
Chhattisgarh,2026-02-12,290
Chhattisgarh,2026-02-13,379
Chhattisgarh,2026-02-14,396
Chhattisgarh,2026-02-15,382
Chhattisgarh,2026-02-16,366
Chhattisgarh,2026-02-17,386
Chhattisgarh,2026-02-18,342
Chhattisgarh,2026-02-19,290
Chhattisgarh,2026-02-20,379
Chhattisgarh,2026-02-21,396
Chhattisgarh,2026-02-22,382
Chhattisgarh,2026-02-23,366
Chhattisgarh,2026-02-24,386
Chhattisgarh,2026-02-25,342
Chhattisgarh,2026-02-26,290
Chhattisgarh,2026-02-27,379
Chhattisgarh,2026-02-28,396
Chhattisgarh,2026-03-01,384
Chhattisgarh,2026-03-02,363
Chhattisgarh,2026-03-03,395
Chhattisgarh,2026-03-04,350
Chhattisgarh,2026-03-05,288
Chhattisgarh,2026-03-06,394
Chhattisgarh,2026-03-07,398
Chhattisgarh,2026-03-08,384
Chhattisgarh,2026-03-09,363
Chhattisgarh,2026-03-10,395
Chhattisgarh,2026-03-11,350
Chhattisgarh,2026-03-12,288
Chhattisgarh,2026-03-13,394
Chhattisgarh,2026-03-14,398
Chhattisgarh,2026-03-15,384
Chhattisgarh,2026-03-16,363
Chhattisgarh,2026-03-17,395
Chhattisgarh,2026-03-18,350
Chhattisgarh,2026-03-19,288
Chhattisgarh,2026-03-20,394
Chhattisgarh,2026-03-21,398
Chhattisgarh,2026-03-22,384
Jammu and Kashmir,2025-12-13,262
Jammu and Kashmir,2025-12-14,230
Jammu and Kashmir,2025-12-15,195
Jammu and Kashmir,2025-12-16,218
Jammu and Kashmir,2025-12-17,201
Jammu and Kashmir,2025-12-18,224
Jammu and Kashmir,2025-12-19,191
Jammu and Kashmir,2025-12-20,218
Jammu and Kashmir,2025-12-21,190
Jammu and Kashmir,2025-12-22,234
Jammu and Kashmir,2025-12-23,198
Jammu and Kashmir,2025-12-24,218
Jammu and Kashmir,2025-12-25,203
Jammu and Kashmir,2025-12-26,223
Jammu and Kashmir,2025-12-27,191
Jammu and Kashmir,2025-12-28,205
Jammu and Kashmir,2025-12-29,225
Jammu and Kashmir,2025-12-30,195
Jammu and Kashmir,2025-12-31,218
Jammu and Kashmir,2026-01-01,210
Jammu and Kashmir,2026-01-02,211
Jammu and Kashmir,2026-01-03,201
Jammu and Kashmir,2026-01-04,219
Jammu and Kashmir,2026-01-05,204
Jammu and Kashmir,2026-01-06,238
Jammu and Kashmir,2026-01-07,235
Jammu and Kashmir,2026-01-08,205
Jammu and Kashmir,2026-01-09,241
Jammu and Kashmir,2026-01-10,232
Jammu and Kashmir,2026-01-11,194
Jammu and Kashmir,2026-01-12,229
Jammu and Kashmir,2026-01-13,202
Jammu and Kashmir,2026-01-14,239
Jammu and Kashmir,2026-01-15,240
Jammu and Kashmir,2026-01-16,238
Jammu and Kashmir,2026-01-17,232
Jammu and Kashmir,2026-01-18,194
Jammu and Kashmir,2026-01-19,229
Jammu and Kashmir,2026-01-20,202
Jammu and Kashmir,2026-01-21,239
Jammu and Kashmir,2026-01-22,240
Jammu and Kashmir,2026-01-23,238
Jammu and Kashmir,2026-01-24,232
Jammu and Kashmir,2026-01-25,194
Jammu and Kashmir,2026-01-26,229
Jammu and Kashmir,2026-01-27,202
Jammu and Kashmir,2026-01-28,239
Jammu and Kashmir,2026-01-29,240
Jammu and Kashmir,2026-01-30,238
Jammu and Kashmir,2026-01-31,232
Jammu and Kashmir,2026-02-01,257
Jammu and Kashmir,2026-02-02,345
Jammu and Kashmir,2026-02-03,283
Jammu and Kashmir,2026-02-04,304
Jammu and Kashmir,2026-02-05,281
Jammu and Kashmir,2026-02-06,298
Jammu and Kashmir,2026-02-07,280
Jammu and Kashmir,2026-02-08,275
Jammu and Kashmir,2026-02-09,345
Jammu and Kashmir,2026-02-10,283
Jammu and Kashmir,2026-02-11,304
Jammu and Kashmir,2026-02-12,281
Jammu and Kashmir,2026-02-13,298
Jammu and Kashmir,2026-02-14,280
Jammu and Kashmir,2026-02-15,275
Jammu and Kashmir,2026-02-16,345
Jammu and Kashmir,2026-02-17,283
Jammu and Kashmir,2026-02-18,304
Jammu and Kashmir,2026-02-19,281
Jammu and Kashmir,2026-02-20,298
Jammu and Kashmir,2026-02-21,280
Jammu and Kashmir,2026-02-22,275
Jammu and Kashmir,2026-02-23,345
Jammu and Kashmir,2026-02-24,283
Jammu and Kashmir,2026-02-25,304
Jammu and Kashmir,2026-02-26,281
Jammu and Kashmir,2026-02-27,298
Jammu and Kashmir,2026-02-28,280
Jammu and Kashmir,2026-03-01,275
Jammu and Kashmir,2026-03-02,348
Jammu and Kashmir,2026-03-03,276
Jammu and Kashmir,2026-03-04,357
Jammu and Kashmir,2026-03-05,291
Jammu and Kashmir,2026-03-06,280
Jammu and Kashmir,2026-03-07,297
Jammu and Kashmir,2026-03-08,259
Jammu and Kashmir,2026-03-09,348
Jammu and Kashmir,2026-03-10,276
Jammu and Kashmir,2026-03-11,357
Jammu and Kashmir,2026-03-12,291
Jammu and Kashmir,2026-03-13,280
Jammu and Kashmir,2026-03-14,297
Jammu and Kashmir,2026-03-15,259
Jammu and Kashmir,2026-03-16,348
Jammu and Kashmir,2026-03-17,276
Jammu and Kashmir,2026-03-18,357
Jammu and Kashmir,2026-03-19,291
Jammu and Kashmir,2026-03-20,280
Jammu and Kashmir,2026-03-21,297
Jammu and Kashmir,2026-03-22,259
Mizoram,2025-12-13,45
Mizoram,2025-12-14,41
Mizoram,2025-12-15,68
Mizoram,2025-12-16,50
Mizoram,2025-12-17,50
Mizoram,2025-12-18,30
Mizoram,2025-12-19,46
Mizoram,2025-12-20,45
Mizoram,2025-12-21,41
Mizoram,2025-12-22,68
Mizoram,2025-12-23,50
Mizoram,2025-12-24,50
Mizoram,2025-12-25,30
Mizoram,2025-12-26,46
Mizoram,2025-12-27,45
Mizoram,2025-12-28,41
Mizoram,2025-12-29,68
Mizoram,2025-12-30,50
Mizoram,2025-12-31,50
Mizoram,2026-01-01,30
Mizoram,2026-01-02,40
Mizoram,2026-01-03,38
Mizoram,2026-01-04,39
Mizoram,2026-01-05,44
Mizoram,2026-01-06,60
Mizoram,2026-01-07,42
Mizoram,2026-01-08,40
Mizoram,2026-01-09,38
Mizoram,2026-01-10,40
Mizoram,2026-01-11,37
Mizoram,2026-01-12,44
Mizoram,2026-01-13,60
Mizoram,2026-01-14,42
Mizoram,2026-01-15,40
Mizoram,2026-01-16,38
Mizoram,2026-01-17,40
Mizoram,2026-01-18,37
Mizoram,2026-01-19,44
Mizoram,2026-01-20,60
Mizoram,2026-01-21,42
Mizoram,2026-01-22,40
Mizoram,2026-01-23,38
Mizoram,2026-01-24,40
Mizoram,2026-01-25,37
Mizoram,2026-01-26,44
Mizoram,2026-01-27,60
Mizoram,2026-01-28,42
Mizoram,2026-01-29,40
Mizoram,2026-01-30,38
Mizoram,2026-01-31,40
Mizoram,2026-02-01,37
Mizoram,2026-02-02,44
Mizoram,2026-02-03,60
Mizoram,2026-02-04,42
Mizoram,2026-02-05,40
Mizoram,2026-02-06,38
Mizoram,2026-02-07,40
Mizoram,2026-02-08,37
Mizoram,2026-02-09,44
Mizoram,2026-02-10,60
Mizoram,2026-02-11,42
Mizoram,2026-02-12,40
Mizoram,2026-02-13,38
Mizoram,2026-02-14,40
Mizoram,2026-02-15,37
Mizoram,2026-02-16,44
Mizoram,2026-02-17,60
Mizoram,2026-02-18,42
Mizoram,2026-02-19,40
Mizoram,2026-02-20,38
Mizoram,2026-02-21,40
Mizoram,2026-02-22,37
Mizoram,2026-02-23,44
Mizoram,2026-02-24,60
Mizoram,2026-02-25,42
Mizoram,2026-02-26,40
Mizoram,2026-02-27,38
Mizoram,2026-02-28,40
Mizoram,2026-03-01,37
Mizoram,2026-03-02,44
Mizoram,2026-03-03,60
Mizoram,2026-03-04,42
Mizoram,2026-03-05,40
Mizoram,2026-03-06,38
Mizoram,2026-03-07,40
Mizoram,2026-03-08,37
Mizoram,2026-03-09,44
Mizoram,2026-03-10,60
Mizoram,2026-03-11,42
Mizoram,2026-03-12,40
Mizoram,2026-03-13,38
Mizoram,2026-03-14,40
Mizoram,2026-03-15,37
Mizoram,2026-03-16,44
Mizoram,2026-03-17,60
Mizoram,2026-03-18,42
Mizoram,2026-03-19,40
Mizoram,2026-03-20,38
Mizoram,2026-03-21,40
Mizoram,2026-03-22,37
Nagaland,2025-12-13,36
Nagaland,2025-12-14,48
Nagaland,2025-12-15,35
Nagaland,2025-12-16,59
Nagaland,2025-12-17,36
Nagaland,2025-12-18,48
Nagaland,2025-12-19,34
Nagaland,2025-12-20,42
Nagaland,2025-12-21,34
Nagaland,2025-12-22,50
Nagaland,2025-12-23,14
Nagaland,2025-12-24,41
Nagaland,2025-12-25,33
Nagaland,2025-12-26,42
Nagaland,2025-12-27,34
Nagaland,2025-12-28,42
Nagaland,2025-12-29,35
Nagaland,2025-12-30,59
Nagaland,2025-12-31,36
Nagaland,2026-01-01,52
Nagaland,2026-01-02,19
Nagaland,2026-01-03,46
Nagaland,2026-01-04,39
Nagaland,2026-01-05,62
Nagaland,2026-01-06,47
Nagaland,2026-01-07,39
Nagaland,2026-01-08,50
Nagaland,2026-01-09,19
Nagaland,2026-01-10,46
Nagaland,2026-01-11,39
Nagaland,2026-01-12,62
Nagaland,2026-01-13,47
Nagaland,2026-01-14,39
Nagaland,2026-01-15,50
Nagaland,2026-01-16,19
Nagaland,2026-01-17,46
Nagaland,2026-01-18,39
Nagaland,2026-01-19,62
Nagaland,2026-01-20,47
Nagaland,2026-01-21,39
Nagaland,2026-01-22,50
Nagaland,2026-01-23,19
Nagaland,2026-01-24,46
Nagaland,2026-01-25,39
Nagaland,2026-01-26,62
Nagaland,2026-01-27,47
Nagaland,2026-01-28,39
Nagaland,2026-01-29,50
Nagaland,2026-01-30,19
Nagaland,2026-01-31,46
Nagaland,2026-02-01,39
Nagaland,2026-02-02,62
Nagaland,2026-02-03,47
Nagaland,2026-02-04,39
Nagaland,2026-02-05,50
Nagaland,2026-02-06,19
Nagaland,2026-02-07,46
Nagaland,2026-02-08,39
Nagaland,2026-02-09,62
Nagaland,2026-02-10,47
Nagaland,2026-02-11,39
Nagaland,2026-02-12,50
Nagaland,2026-02-13,19
Nagaland,2026-02-14,46
Nagaland,2026-02-15,39
Nagaland,2026-02-16,62
Nagaland,2026-02-17,47
Nagaland,2026-02-18,39
Nagaland,2026-02-19,50
Nagaland,2026-02-20,19
Nagaland,2026-02-21,46
Nagaland,2026-02-22,39
Nagaland,2026-02-23,62
Nagaland,2026-02-24,47
Nagaland,2026-02-25,39
Nagaland,2026-02-26,50
Nagaland,2026-02-27,19
Nagaland,2026-02-28,46
Nagaland,2026-03-01,36
Nagaland,2026-03-02,61
Nagaland,2026-03-03,48
Nagaland,2026-03-04,31
Nagaland,2026-03-05,49
Nagaland,2026-03-06,36
Nagaland,2026-03-07,52
Nagaland,2026-03-08,19
Nagaland,2026-03-09,52
Nagaland,2026-03-10,15
Nagaland,2026-03-11,41
Nagaland,2026-03-12,33
Nagaland,2026-03-13,46
Nagaland,2026-03-14,36
Nagaland,2026-03-15,52
Nagaland,2026-03-16,14
Nagaland,2026-03-17,56
Nagaland,2026-03-18,41
Nagaland,2026-03-19,33
Nagaland,2026-03-20,46
Nagaland,2026-03-21,36
Nagaland,2026-03-22,52
Himachal Pradesh,2025-12-13,352
Himachal Pradesh,2025-12-14,292
Himachal Pradesh,2025-12-15,400
Himachal Pradesh,2025-12-16,345
Himachal Pradesh,2025-12-17,381
Himachal Pradesh,2025-12-18,344
Himachal Pradesh,2025-12-19,386
Himachal Pradesh,2025-12-20,344
Himachal Pradesh,2025-12-21,298
Himachal Pradesh,2025-12-22,400
Himachal Pradesh,2025-12-23,345
Himachal Pradesh,2025-12-24,381
Himachal Pradesh,2025-12-25,344
Himachal Pradesh,2025-12-26,386
Himachal Pradesh,2025-12-27,344
Himachal Pradesh,2025-12-28,298
Himachal Pradesh,2025-12-29,400
Himachal Pradesh,2025-12-30,345
Himachal Pradesh,2025-12-31,381
Himachal Pradesh,2026-01-01,368
Himachal Pradesh,2026-01-02,270
Himachal Pradesh,2026-01-03,279
Himachal Pradesh,2026-01-04,262
Himachal Pradesh,2026-01-05,326
Himachal Pradesh,2026-01-06,385
Himachal Pradesh,2026-01-07,366
Himachal Pradesh,2026-01-08,385
Himachal Pradesh,2026-01-09,258
Himachal Pradesh,2026-01-10,280
Himachal Pradesh,2026-01-11,262
Himachal Pradesh,2026-01-12,326
Himachal Pradesh,2026-01-13,385
Himachal Pradesh,2026-01-14,366
Himachal Pradesh,2026-01-15,385
Himachal Pradesh,2026-01-16,258
Himachal Pradesh,2026-01-17,280
Himachal Pradesh,2026-01-18,262
Himachal Pradesh,2026-01-19,326
Himachal Pradesh,2026-01-20,385
Himachal Pradesh,2026-01-21,366
Himachal Pradesh,2026-01-22,385
Himachal Pradesh,2026-01-23,258
Himachal Pradesh,2026-01-24,280
Himachal Pradesh,2026-01-25,262
Himachal Pradesh,2026-01-26,326
Himachal Pradesh,2026-01-27,385
Himachal Pradesh,2026-01-28,366
Himachal Pradesh,2026-01-29,385
Himachal Pradesh,2026-01-30,258
Himachal Pradesh,2026-01-31,280
Himachal Pradesh,2026-02-01,389
Himachal Pradesh,2026-02-02,360
Himachal Pradesh,2026-02-03,475
Himachal Pradesh,2026-02-04,316
Himachal Pradesh,2026-02-05,396
Himachal Pradesh,2026-02-06,412
Himachal Pradesh,2026-02-07,412
Himachal Pradesh,2026-02-08,330
Himachal Pradesh,2026-02-09,361
Himachal Pradesh,2026-02-10,475
Himachal Pradesh,2026-02-11,316
Himachal Pradesh,2026-02-12,396
Himachal Pradesh,2026-02-13,412
Himachal Pradesh,2026-02-14,412
Himachal Pradesh,2026-02-15,330
Himachal Pradesh,2026-02-16,361
Himachal Pradesh,2026-02-17,475
Himachal Pradesh,2026-02-18,316
Himachal Pradesh,2026-02-19,396
Himachal Pradesh,2026-02-20,412
Himachal Pradesh,2026-02-21,412
Himachal Pradesh,2026-02-22,330
Himachal Pradesh,2026-02-23,361
Himachal Pradesh,2026-02-24,475
Himachal Pradesh,2026-02-25,316
Himachal Pradesh,2026-02-26,396
Himachal Pradesh,2026-02-27,412
Himachal Pradesh,2026-02-28,412
Himachal Pradesh,2026-03-01,331
Himachal Pradesh,2026-03-02,361
Himachal Pradesh,2026-03-03,476
Himachal Pradesh,2026-03-04,317
Himachal Pradesh,2026-03-05,398
Himachal Pradesh,2026-03-06,413
Himachal Pradesh,2026-03-07,413
Himachal Pradesh,2026-03-08,331
Himachal Pradesh,2026-03-09,361
Himachal Pradesh,2026-03-10,476
Himachal Pradesh,2026-03-11,317
Himachal Pradesh,2026-03-12,398
Himachal Pradesh,2026-03-13,413
Himachal Pradesh,2026-03-14,413
Himachal Pradesh,2026-03-15,331
Himachal Pradesh,2026-03-16,361
Himachal Pradesh,2026-03-17,476
Himachal Pradesh,2026-03-18,317
Himachal Pradesh,2026-03-19,398
Himachal Pradesh,2026-03-20,413
Himachal Pradesh,2026-03-21,413
Himachal Pradesh,2026-03-22,331
Goa,2025-12-13,69
Goa,2025-12-14,63
Goa,2025-12-15,63
Goa,2025-12-16,47
Goa,2025-12-17,36
Goa,2025-12-18,69
Goa,2025-12-19,64
Goa,2025-12-20,64
Goa,2025-12-21,63
Goa,2025-12-22,63
Goa,2025-12-23,47
Goa,2025-12-24,36
Goa,2025-12-25,69
Goa,2025-12-26,64
Goa,2025-12-27,64
Goa,2025-12-28,63
Goa,2025-12-29,63
Goa,2025-12-30,47
Goa,2025-12-31,36
Goa,2026-01-01,84
Goa,2026-01-02,84
Goa,2026-01-03,84
Goa,2026-01-04,84
Goa,2026-01-05,84
Goa,2026-01-06,82
Goa,2026-01-07,82
Goa,2026-01-08,81
Goa,2026-01-09,84
Goa,2026-01-10,84
Goa,2026-01-11,84
Goa,2026-01-12,84
Goa,2026-01-13,82
Goa,2026-01-14,82
Goa,2026-01-15,81
Goa,2026-01-16,84
Goa,2026-01-17,84
Goa,2026-01-18,84
Goa,2026-01-19,84
Goa,2026-01-20,82
Goa,2026-01-21,82
Goa,2026-01-22,81
Goa,2026-01-23,84
Goa,2026-01-24,84
Goa,2026-01-25,84
Goa,2026-01-26,84
Goa,2026-01-27,82
Goa,2026-01-28,82
Goa,2026-01-29,81
Goa,2026-01-30,84
Goa,2026-01-31,84
Goa,2026-02-01,88
Goa,2026-02-02,79
Goa,2026-02-03,85
Goa,2026-02-04,94
Goa,2026-02-05,75
Goa,2026-02-06,85
Goa,2026-02-07,100
Goa,2026-02-08,101
Goa,2026-02-09,95
Goa,2026-02-10,78
Goa,2026-02-11,85
Goa,2026-02-12,93
Goa,2026-02-13,83
Goa,2026-02-14,88
Goa,2026-02-15,83
Goa,2026-02-16,87
Goa,2026-02-17,78
Goa,2026-02-18,85
Goa,2026-02-19,93
Goa,2026-02-20,83
Goa,2026-02-21,88
Goa,2026-02-22,83
Goa,2026-02-23,87
Goa,2026-02-24,78
Goa,2026-02-25,85
Goa,2026-02-26,93
Goa,2026-02-27,83
Goa,2026-02-28,88
Goa,2026-03-01,84
Goa,2026-03-02,87
Goa,2026-03-03,79
Goa,2026-03-04,85
Goa,2026-03-05,93
Goa,2026-03-06,84
Goa,2026-03-07,88
Goa,2026-03-08,84
Goa,2026-03-09,87
Goa,2026-03-10,79
Goa,2026-03-11,85
Goa,2026-03-12,93
Goa,2026-03-13,84
Goa,2026-03-14,88
Goa,2026-03-15,84
Goa,2026-03-16,87
Goa,2026-03-17,79
Goa,2026-03-18,85
Goa,2026-03-19,93
Goa,2026-03-20,84
Goa,2026-03-21,88
Goa,2026-03-22,84
Haryana,2025-12-13,362
Haryana,2025-12-14,354
Haryana,2025-12-15,319
Haryana,2025-12-16,275
Haryana,2025-12-17,433
Haryana,2025-12-18,348
Haryana,2025-12-19,353
Haryana,2025-12-20,353
Haryana,2025-12-21,351
Haryana,2025-12-22,319
Haryana,2025-12-23,275
Haryana,2025-12-24,433
Haryana,2025-12-25,348
Haryana,2025-12-26,353
Haryana,2025-12-27,353
Haryana,2025-12-28,351
Haryana,2025-12-29,319
Haryana,2025-12-30,275
Haryana,2025-12-31,433
Haryana,2026-01-01,411
Haryana,2026-01-02,406
Haryana,2026-01-03,378
Haryana,2026-01-04,396
Haryana,2026-01-05,415
Haryana,2026-01-06,434
Haryana,2026-01-07,411
Haryana,2026-01-08,409
Haryana,2026-01-09,406
Haryana,2026-01-10,378
Haryana,2026-01-11,396
Haryana,2026-01-12,415
Haryana,2026-01-13,434
Haryana,2026-01-14,411
Haryana,2026-01-15,409
Haryana,2026-01-16,406
Haryana,2026-01-17,378
Haryana,2026-01-18,396
Haryana,2026-01-19,415
Haryana,2026-01-20,434
Haryana,2026-01-21,411
Haryana,2026-01-22,409
Haryana,2026-01-23,406
Haryana,2026-01-24,378
Haryana,2026-01-25,396
Haryana,2026-01-26,415
Haryana,2026-01-27,434
Haryana,2026-01-28,411
Haryana,2026-01-29,409
Haryana,2026-01-30,406
Haryana,2026-01-31,378
Haryana,2026-02-01,412
Haryana,2026-02-02,424
Haryana,2026-02-03,442
Haryana,2026-02-04,414
Haryana,2026-02-05,413
Haryana,2026-02-06,412
Haryana,2026-02-07,412
Haryana,2026-02-08,410
Haryana,2026-02-09,424
Haryana,2026-02-10,442
Haryana,2026-02-11,414
Haryana,2026-02-12,413
Haryana,2026-02-13,412
Haryana,2026-02-14,412
Haryana,2026-02-15,410
Haryana,2026-02-16,424
Haryana,2026-02-17,442
Haryana,2026-02-18,414
Haryana,2026-02-19,413
Haryana,2026-02-20,412
Haryana,2026-02-21,412
Haryana,2026-02-22,410
Haryana,2026-02-23,424
Haryana,2026-02-24,442
Haryana,2026-02-25,414
Haryana,2026-02-26,413
Haryana,2026-02-27,412
Haryana,2026-02-28,412
Haryana,2026-03-01,412
Haryana,2026-03-02,422
Haryana,2026-03-03,440
Haryana,2026-03-04,416
Haryana,2026-03-05,415
Haryana,2026-03-06,414
Haryana,2026-03-07,414
Haryana,2026-03-08,412
Haryana,2026-03-09,422
Haryana,2026-03-10,440
Haryana,2026-03-11,416
Haryana,2026-03-12,415
Haryana,2026-03-13,414
Haryana,2026-03-14,414
Haryana,2026-03-15,412
Haryana,2026-03-16,422
Haryana,2026-03-17,440
Haryana,2026-03-18,416
Haryana,2026-03-19,415
Haryana,2026-03-20,414
Haryana,2026-03-21,414
Haryana,2026-03-22,412
Meghalaya,2025-12-13,35
Meghalaya,2025-12-14,78
Meghalaya,2025-12-15,61
Meghalaya,2025-12-16,70
Meghalaya,2025-12-17,30
Meghalaya,2025-12-18,59
Meghalaya,2025-12-19,57
Meghalaya,2025-12-20,57
Meghalaya,2025-12-21,62
Meghalaya,2025-12-22,65
Meghalaya,2025-12-23,62
Meghalaya,2025-12-24,39
Meghalaya,2025-12-25,59
Meghalaya,2025-12-26,57
Meghalaya,2025-12-27,57
Meghalaya,2025-12-28,62
Meghalaya,2025-12-29,65
Meghalaya,2025-12-30,62
Meghalaya,2025-12-31,39
Meghalaya,2026-01-01,49
Meghalaya,2026-01-02,47
Meghalaya,2026-01-03,47
Meghalaya,2026-01-04,48
Meghalaya,2026-01-05,45
Meghalaya,2026-01-06,45
Meghalaya,2026-01-07,39
Meghalaya,2026-01-08,49
Meghalaya,2026-01-09,47
Meghalaya,2026-01-10,47
Meghalaya,2026-01-11,48
Meghalaya,2026-01-12,45
Meghalaya,2026-01-13,45
Meghalaya,2026-01-14,39
Meghalaya,2026-01-15,49
Meghalaya,2026-01-16,47
Meghalaya,2026-01-17,47
Meghalaya,2026-01-18,48
Meghalaya,2026-01-19,45
Meghalaya,2026-01-20,45
Meghalaya,2026-01-21,39
Meghalaya,2026-01-22,49
Meghalaya,2026-01-23,47
Meghalaya,2026-01-24,47
Meghalaya,2026-01-25,48
Meghalaya,2026-01-26,45
Meghalaya,2026-01-27,45
Meghalaya,2026-01-28,39
Meghalaya,2026-01-29,49
Meghalaya,2026-01-30,47
Meghalaya,2026-01-31,47
Meghalaya,2026-02-01,52
Meghalaya,2026-02-02,45
Meghalaya,2026-02-03,45
Meghalaya,2026-02-04,39
Meghalaya,2026-02-05,49
Meghalaya,2026-02-06,50
Meghalaya,2026-02-07,50
Meghalaya,2026-02-08,52
Meghalaya,2026-02-09,45
Meghalaya,2026-02-10,45
Meghalaya,2026-02-11,39
Meghalaya,2026-02-12,49
Meghalaya,2026-02-13,50
Meghalaya,2026-02-14,50
Meghalaya,2026-02-15,52
Meghalaya,2026-02-16,45
Meghalaya,2026-02-17,45
Meghalaya,2026-02-18,39
Meghalaya,2026-02-19,49
Meghalaya,2026-02-20,50
Meghalaya,2026-02-21,50
Meghalaya,2026-02-22,52
Meghalaya,2026-02-23,45
Meghalaya,2026-02-24,45
Meghalaya,2026-02-25,39
Meghalaya,2026-02-26,49
Meghalaya,2026-02-27,50
Meghalaya,2026-02-28,50
Meghalaya,2026-03-01,52
Meghalaya,2026-03-02,51
Meghalaya,2026-03-03,57
Meghalaya,2026-03-04,40
Meghalaya,2026-03-05,49
Meghalaya,2026-03-06,50
Meghalaya,2026-03-07,50
Meghalaya,2026-03-08,52
Meghalaya,2026-03-09,51
Meghalaya,2026-03-10,57
Meghalaya,2026-03-11,40
Meghalaya,2026-03-12,49
Meghalaya,2026-03-13,50
Meghalaya,2026-03-14,50
Meghalaya,2026-03-15,52
Meghalaya,2026-03-16,51
Meghalaya,2026-03-17,57
Meghalaya,2026-03-18,40
Meghalaya,2026-03-19,49
Meghalaya,2026-03-20,50
Meghalaya,2026-03-21,50
Meghalaya,2026-03-22,52
Uttarakhand,2025-12-13,314
Uttarakhand,2025-12-14,282
Uttarakhand,2025-12-15,235
Uttarakhand,2025-12-16,274
Uttarakhand,2025-12-17,312
Uttarakhand,2025-12-18,288
Uttarakhand,2025-12-19,293
Uttarakhand,2025-12-20,291
Uttarakhand,2025-12-21,282
Uttarakhand,2025-12-22,235
Uttarakhand,2025-12-23,274
Uttarakhand,2025-12-24,312
Uttarakhand,2025-12-25,288
Uttarakhand,2025-12-26,293
Uttarakhand,2025-12-27,291
Uttarakhand,2025-12-28,282
Uttarakhand,2025-12-29,235
Uttarakhand,2025-12-30,274
Uttarakhand,2025-12-31,312
Uttarakhand,2026-01-01,279
Uttarakhand,2026-01-02,245
Uttarakhand,2026-01-03,398
Uttarakhand,2026-01-04,283
Uttarakhand,2026-01-05,233
Uttarakhand,2026-01-06,306
Uttarakhand,2026-01-07,264
Uttarakhand,2026-01-08,333
Uttarakhand,2026-01-09,275
Uttarakhand,2026-01-10,344
Uttarakhand,2026-01-11,268
Uttarakhand,2026-01-12,370
Uttarakhand,2026-01-13,295
Uttarakhand,2026-01-14,264
Uttarakhand,2026-01-15,333
Uttarakhand,2026-01-16,275
Uttarakhand,2026-01-17,344
Uttarakhand,2026-01-18,268
Uttarakhand,2026-01-19,370
Uttarakhand,2026-01-20,295
Uttarakhand,2026-01-21,264
Uttarakhand,2026-01-22,333
Uttarakhand,2026-01-23,275
Uttarakhand,2026-01-24,344
Uttarakhand,2026-01-25,268
Uttarakhand,2026-01-26,370
Uttarakhand,2026-01-27,295
Uttarakhand,2026-01-28,264
Uttarakhand,2026-01-29,333
Uttarakhand,2026-01-30,275
Uttarakhand,2026-01-31,344
Uttarakhand,2026-02-01,293
Uttarakhand,2026-02-02,282
Uttarakhand,2026-02-03,195
Uttarakhand,2026-02-04,332
Uttarakhand,2026-02-05,293
Uttarakhand,2026-02-06,263
Uttarakhand,2026-02-07,323
Uttarakhand,2026-02-08,283
Uttarakhand,2026-02-09,233
Uttarakhand,2026-02-10,293
Uttarakhand,2026-02-11,264
Uttarakhand,2026-02-12,319
Uttarakhand,2026-02-13,263
Uttarakhand,2026-02-14,323
Uttarakhand,2026-02-15,283
Uttarakhand,2026-02-16,233
Uttarakhand,2026-02-17,293
Uttarakhand,2026-02-18,264
Uttarakhand,2026-02-19,319
Uttarakhand,2026-02-20,263
Uttarakhand,2026-02-21,323
Uttarakhand,2026-02-22,283
Uttarakhand,2026-02-23,233
Uttarakhand,2026-02-24,293
Uttarakhand,2026-02-25,264
Uttarakhand,2026-02-26,319
Uttarakhand,2026-02-27,263
Uttarakhand,2026-02-28,323
Uttarakhand,2026-03-01,283
Uttarakhand,2026-03-02,233
Uttarakhand,2026-03-03,293
Uttarakhand,2026-03-04,264
Uttarakhand,2026-03-05,319
Uttarakhand,2026-03-06,263
Uttarakhand,2026-03-07,323
Uttarakhand,2026-03-08,283
Uttarakhand,2026-03-09,233
Uttarakhand,2026-03-10,293
Uttarakhand,2026-03-11,264
Uttarakhand,2026-03-12,319
Uttarakhand,2026-03-13,263
Uttarakhand,2026-03-14,323
Uttarakhand,2026-03-15,283
Uttarakhand,2026-03-16,233
Uttarakhand,2026-03-17,293
Uttarakhand,2026-03-18,264
Uttarakhand,2026-03-19,319
Uttarakhand,2026-03-20,263
Uttarakhand,2026-03-21,323
Uttarakhand,2026-03-22,283
Manipur,2025-12-13,62
Manipur,2025-12-14,65
Manipur,2025-12-15,95
Manipur,2025-12-16,97
Manipur,2025-12-17,43
Manipur,2025-12-18,63
Manipur,2025-12-19,67
Manipur,2025-12-20,64
Manipur,2025-12-21,65
Manipur,2025-12-22,95
Manipur,2025-12-23,97
Manipur,2025-12-24,43
Manipur,2025-12-25,63
Manipur,2025-12-26,67
Manipur,2025-12-27,64
Manipur,2025-12-28,65
Manipur,2025-12-29,95
Manipur,2025-12-30,97
Manipur,2025-12-31,43
Manipur,2026-01-01,75
Manipur,2026-01-02,68
Manipur,2026-01-03,74
Manipur,2026-01-04,73
Manipur,2026-01-05,89
Manipur,2026-01-06,88
Manipur,2026-01-07,61
Manipur,2026-01-08,76
Manipur,2026-01-09,68
Manipur,2026-01-10,74
Manipur,2026-01-11,73
Manipur,2026-01-12,89
Manipur,2026-01-13,88
Manipur,2026-01-14,61
Manipur,2026-01-15,76
Manipur,2026-01-16,68
Manipur,2026-01-17,74
Manipur,2026-01-18,73
Manipur,2026-01-19,89
Manipur,2026-01-20,88
Manipur,2026-01-21,61
Manipur,2026-01-22,76
Manipur,2026-01-23,68
Manipur,2026-01-24,74
Manipur,2026-01-25,73
Manipur,2026-01-26,89
Manipur,2026-01-27,88
Manipur,2026-01-28,61
Manipur,2026-01-29,76
Manipur,2026-01-30,68
Manipur,2026-01-31,74
Manipur,2026-02-01,73
Manipur,2026-02-02,89
Manipur,2026-02-03,88
Manipur,2026-02-04,61
Manipur,2026-02-05,76
Manipur,2026-02-06,68
Manipur,2026-02-07,74
Manipur,2026-02-08,73
Manipur,2026-02-09,89
Manipur,2026-02-10,88
Manipur,2026-02-11,61
Manipur,2026-02-12,76
Manipur,2026-02-13,68
Manipur,2026-02-14,74
Manipur,2026-02-15,73
Manipur,2026-02-16,89
Manipur,2026-02-17,88
Manipur,2026-02-18,61
Manipur,2026-02-19,76
Manipur,2026-02-20,68
Manipur,2026-02-21,74
Manipur,2026-02-22,73
Manipur,2026-02-23,89
Manipur,2026-02-24,88
Manipur,2026-02-25,61
Manipur,2026-02-26,76
Manipur,2026-02-27,68
Manipur,2026-02-28,74
Manipur,2026-03-01,70
Manipur,2026-03-02,111
Manipur,2026-03-03,80
Manipur,2026-03-04,69
Manipur,2026-03-05,71
Manipur,2026-03-06,71
Manipur,2026-03-07,71
Manipur,2026-03-08,70
Manipur,2026-03-09,111
Manipur,2026-03-10,80
Manipur,2026-03-11,69
Manipur,2026-03-12,71
Manipur,2026-03-13,71
Manipur,2026-03-14,71
Manipur,2026-03-15,70
Manipur,2026-03-16,111
Manipur,2026-03-17,80
Manipur,2026-03-18,69
Manipur,2026-03-19,71
Manipur,2026-03-20,71
Manipur,2026-03-21,71
Manipur,2026-03-22,70
Dadra and Nagar Haveli and Daman and Diu,2025-12-13,15
Dadra and Nagar Haveli and Daman and Diu,2025-12-14,15
Dadra and Nagar Haveli and Daman and Diu,2025-12-15,12
Dadra and Nagar Haveli and Daman and Diu,2025-12-16,17
Dadra and Nagar Haveli and Daman and Diu,2025-12-17,13
Dadra and Nagar Haveli and Daman and Diu,2025-12-18,21
Dadra and Nagar Haveli and Daman and Diu,2025-12-19,17
Dadra and Nagar Haveli and Daman and Diu,2025-12-20,15
Dadra and Nagar Haveli and Daman and Diu,2025-12-21,15
Dadra and Nagar Haveli and Daman and Diu,2025-12-22,12
Dadra and Nagar Haveli and Daman and Diu,2025-12-23,17
Dadra and Nagar Haveli and Daman and Diu,2025-12-24,13
Dadra and Nagar Haveli and Daman and Diu,2025-12-25,21
Dadra and Nagar Haveli and Daman and Diu,2025-12-26,17
Dadra and Nagar Haveli and Daman and Diu,2025-12-27,15
Dadra and Nagar Haveli and Daman and Diu,2025-12-28,15
Dadra and Nagar Haveli and Daman and Diu,2025-12-29,12
Dadra and Nagar Haveli and Daman and Diu,2025-12-30,17
Dadra and Nagar Haveli and Daman and Diu,2025-12-31,13
Dadra and Nagar Haveli and Daman and Diu,2026-01-01,28
Dadra and Nagar Haveli and Daman and Diu,2026-01-02,17
Dadra and Nagar Haveli and Daman and Diu,2026-01-03,27
Dadra and Nagar Haveli and Daman and Diu,2026-01-04,15
Dadra and Nagar Haveli and Daman and Diu,2026-01-05,24
Dadra and Nagar Haveli and Daman and Diu,2026-01-06,25
Dadra and Nagar Haveli and Daman and Diu,2026-01-07,26
Dadra and Nagar Haveli and Daman and Diu,2026-01-08,28
Dadra and Nagar Haveli and Daman and Diu,2026-01-09,17
Dadra and Nagar Haveli and Daman and Diu,2026-01-10,27
Dadra and Nagar Haveli and Daman and Diu,2026-01-11,15
Dadra and Nagar Haveli and Daman and Diu,2026-01-12,24
Dadra and Nagar Haveli and Daman and Diu,2026-01-13,25
Dadra and Nagar Haveli and Daman and Diu,2026-01-14,26
Dadra and Nagar Haveli and Daman and Diu,2026-01-15,28
Dadra and Nagar Haveli and Daman and Diu,2026-01-16,17
Dadra and Nagar Haveli and Daman and Diu,2026-01-17,27
Dadra and Nagar Haveli and Daman and Diu,2026-01-18,15
Dadra and Nagar Haveli and Daman and Diu,2026-01-19,24
Dadra and Nagar Haveli and Daman and Diu,2026-01-20,25
Dadra and Nagar Haveli and Daman and Diu,2026-01-21,26
Dadra and Nagar Haveli and Daman and Diu,2026-01-22,28
Dadra and Nagar Haveli and Daman and Diu,2026-01-23,17
Dadra and Nagar Haveli and Daman and Diu,2026-01-24,27
Dadra and Nagar Haveli and Daman and Diu,2026-01-25,15
Dadra and Nagar Haveli and Daman and Diu,2026-01-26,24
Dadra and Nagar Haveli and Daman and Diu,2026-01-27,25
Dadra and Nagar Haveli and Daman and Diu,2026-01-28,26
Dadra and Nagar Haveli and Daman and Diu,2026-01-29,28
Dadra and Nagar Haveli and Daman and Diu,2026-01-30,17
Dadra and Nagar Haveli and Daman and Diu,2026-01-31,27
Dadra and Nagar Haveli and Daman and Diu,2026-02-01,17
Dadra and Nagar Haveli and Daman and Diu,2026-02-02,24
Dadra and Nagar Haveli and Daman and Diu,2026-02-03,26
Dadra and Nagar Haveli and Daman and Diu,2026-02-04,28
Dadra and Nagar Haveli and Daman and Diu,2026-02-05,22
Dadra and Nagar Haveli and Daman and Diu,2026-02-06,31
Dadra and Nagar Haveli and Daman and Diu,2026-02-07,15
Dadra and Nagar Haveli and Daman and Diu,2026-02-08,28
Dadra and Nagar Haveli and Daman and Diu,2026-02-09,21
Dadra and Nagar Haveli and Daman and Diu,2026-02-10,26
Dadra and Nagar Haveli and Daman and Diu,2026-02-11,28
Dadra and Nagar Haveli and Daman and Diu,2026-02-12,22
Dadra and Nagar Haveli and Daman and Diu,2026-02-13,31
Dadra and Nagar Haveli and Daman and Diu,2026-02-14,15
Dadra and Nagar Haveli and Daman and Diu,2026-02-15,28
Dadra and Nagar Haveli and Daman and Diu,2026-02-16,21
Dadra and Nagar Haveli and Daman and Diu,2026-02-17,26
Dadra and Nagar Haveli and Daman and Diu,2026-02-18,28
Dadra and Nagar Haveli and Daman and Diu,2026-02-19,22
Dadra and Nagar Haveli and Daman and Diu,2026-02-20,31
Dadra and Nagar Haveli and Daman and Diu,2026-02-21,15
Dadra and Nagar Haveli and Daman and Diu,2026-02-22,28
Dadra and Nagar Haveli and Daman and Diu,2026-02-23,21
Dadra and Nagar Haveli and Daman and Diu,2026-02-24,26
Dadra and Nagar Haveli and Daman and Diu,2026-02-25,28
Dadra and Nagar Haveli and Daman and Diu,2026-02-26,22
Dadra and Nagar Haveli and Daman and Diu,2026-02-27,31
Dadra and Nagar Haveli and Daman and Diu,2026-02-28,15
Dadra and Nagar Haveli and Daman and Diu,2026-03-01,28
Dadra and Nagar Haveli and Daman and Diu,2026-03-02,21
Dadra and Nagar Haveli and Daman and Diu,2026-03-03,26
Dadra and Nagar Haveli and Daman and Diu,2026-03-04,28
Dadra and Nagar Haveli and Daman and Diu,2026-03-05,22
Dadra and Nagar Haveli and Daman and Diu,2026-03-06,31
Dadra and Nagar Haveli and Daman and Diu,2026-03-07,15
Dadra and Nagar Haveli and Daman and Diu,2026-03-08,28
Dadra and Nagar Haveli and Daman and Diu,2026-03-09,21
Dadra and Nagar Haveli and Daman and Diu,2026-03-10,26
Dadra and Nagar Haveli and Daman and Diu,2026-03-11,28
Dadra and Nagar Haveli and Daman and Diu,2026-03-12,22
Dadra and Nagar Haveli and Daman and Diu,2026-03-13,31
Dadra and Nagar Haveli and Daman and Diu,2026-03-14,15
Dadra and Nagar Haveli and Daman and Diu,2026-03-15,28
Dadra and Nagar Haveli and Daman and Diu,2026-03-16,21
Dadra and Nagar Haveli and Daman and Diu,2026-03-17,26
Dadra and Nagar Haveli and Daman and Diu,2026-03-18,28
Dadra and Nagar Haveli and Daman and Diu,2026-03-19,22
Dadra and Nagar Haveli and Daman and Diu,2026-03-20,31
Dadra and Nagar Haveli and Daman and Diu,2026-03-21,15
Dadra and Nagar Haveli and Daman and Diu,2026-03-22,28
Puducherry,2025-12-13,64
Puducherry,2025-12-14,46
Puducherry,2025-12-15,81
Puducherry,2025-12-16,64
Puducherry,2025-12-17,53
Puducherry,2025-12-18,81
Puducherry,2025-12-19,64
Puducherry,2025-12-20,47
Puducherry,2025-12-21,66
Puducherry,2025-12-22,54
Puducherry,2025-12-23,85
Puducherry,2025-12-24,64
Puducherry,2025-12-25,53
Puducherry,2025-12-26,81
Puducherry,2025-12-27,64
Puducherry,2025-12-28,46
Puducherry,2025-12-29,81
Puducherry,2025-12-30,64
Puducherry,2025-12-31,53
Puducherry,2026-01-01,83
Puducherry,2026-01-02,73
Puducherry,2026-01-03,79
Puducherry,2026-01-04,64
Puducherry,2026-01-05,67
Puducherry,2026-01-06,69
Puducherry,2026-01-07,82
Puducherry,2026-01-08,73
Puducherry,2026-01-09,79
Puducherry,2026-01-10,73
Puducherry,2026-01-11,66
Puducherry,2026-01-12,67
Puducherry,2026-01-13,69
Puducherry,2026-01-14,82
Puducherry,2026-01-15,73
Puducherry,2026-01-16,79
Puducherry,2026-01-17,73
Puducherry,2026-01-18,66
Puducherry,2026-01-19,67
Puducherry,2026-01-20,69
Puducherry,2026-01-21,82
Puducherry,2026-01-22,73
Puducherry,2026-01-23,79
Puducherry,2026-01-24,73
Puducherry,2026-01-25,66
Puducherry,2026-01-26,67
Puducherry,2026-01-27,69
Puducherry,2026-01-28,82
Puducherry,2026-01-29,73
Puducherry,2026-01-30,79
Puducherry,2026-01-31,73
Puducherry,2026-02-01,70
Puducherry,2026-02-02,82
Puducherry,2026-02-03,75
Puducherry,2026-02-04,82
Puducherry,2026-02-05,73
Puducherry,2026-02-06,79
Puducherry,2026-02-07,73
Puducherry,2026-02-08,70
Puducherry,2026-02-09,82
Puducherry,2026-02-10,75
Puducherry,2026-02-11,82
Puducherry,2026-02-12,73
Puducherry,2026-02-13,79
Puducherry,2026-02-14,73
Puducherry,2026-02-15,70
Puducherry,2026-02-16,82
Puducherry,2026-02-17,75
Puducherry,2026-02-18,82
Puducherry,2026-02-19,73
Puducherry,2026-02-20,79
Puducherry,2026-02-21,73
Puducherry,2026-02-22,70
Puducherry,2026-02-23,82
Puducherry,2026-02-24,75
Puducherry,2026-02-25,82
Puducherry,2026-02-26,73
Puducherry,2026-02-27,79
Puducherry,2026-02-28,73
Puducherry,2026-03-01,70
Puducherry,2026-03-02,82
Puducherry,2026-03-03,75
Puducherry,2026-03-04,82
Puducherry,2026-03-05,73
Puducherry,2026-03-06,79
Puducherry,2026-03-07,73
Puducherry,2026-03-08,70
Puducherry,2026-03-09,82
Puducherry,2026-03-10,75
Puducherry,2026-03-11,82
Puducherry,2026-03-12,73
Puducherry,2026-03-13,79
Puducherry,2026-03-14,73
Puducherry,2026-03-15,70
Puducherry,2026-03-16,82
Puducherry,2026-03-17,75
Puducherry,2026-03-18,82
Puducherry,2026-03-19,73
Puducherry,2026-03-20,79
Puducherry,2026-03-21,73
Puducherry,2026-03-22,70
Sikkim,2025-12-13,28
Sikkim,2025-12-14,34
Sikkim,2025-12-15,41
Sikkim,2025-12-16,41
Sikkim,2025-12-17,35
Sikkim,2025-12-18,35
Sikkim,2025-12-19,30
Sikkim,2025-12-20,39
Sikkim,2025-12-21,34
Sikkim,2025-12-22,41
Sikkim,2025-12-23,41
Sikkim,2025-12-24,35
Sikkim,2025-12-25,35
Sikkim,2025-12-26,30
Sikkim,2025-12-27,39
Sikkim,2025-12-28,34
Sikkim,2025-12-29,41
Sikkim,2025-12-30,41
Sikkim,2025-12-31,35
Sikkim,2026-01-01,53
Sikkim,2026-01-02,41
Sikkim,2026-01-03,50
Sikkim,2026-01-04,43
Sikkim,2026-01-05,53
Sikkim,2026-01-06,51
Sikkim,2026-01-07,51
Sikkim,2026-01-08,51
Sikkim,2026-01-09,41
Sikkim,2026-01-10,50
Sikkim,2026-01-11,43
Sikkim,2026-01-12,53
Sikkim,2026-01-13,51
Sikkim,2026-01-14,51
Sikkim,2026-01-15,51
Sikkim,2026-01-16,41
Sikkim,2026-01-17,50
Sikkim,2026-01-18,43
Sikkim,2026-01-19,53
Sikkim,2026-01-20,51
Sikkim,2026-01-21,51
Sikkim,2026-01-22,51
Sikkim,2026-01-23,41
Sikkim,2026-01-24,50
Sikkim,2026-01-25,43
Sikkim,2026-01-26,53
Sikkim,2026-01-27,51
Sikkim,2026-01-28,51
Sikkim,2026-01-29,51
Sikkim,2026-01-30,41
Sikkim,2026-01-31,50
Sikkim,2026-02-01,25
Sikkim,2026-02-02,26
Sikkim,2026-02-03,26
Sikkim,2026-02-04,26
Sikkim,2026-02-05,26
Sikkim,2026-02-06,21
Sikkim,2026-02-07,27
Sikkim,2026-02-08,24
Sikkim,2026-02-09,26
Sikkim,2026-02-10,26
Sikkim,2026-02-11,26
Sikkim,2026-02-12,26
Sikkim,2026-02-13,21
Sikkim,2026-02-14,27
Sikkim,2026-02-15,24
Sikkim,2026-02-16,26
Sikkim,2026-02-17,26
Sikkim,2026-02-18,26
Sikkim,2026-02-19,26
Sikkim,2026-02-20,21
Sikkim,2026-02-21,27
Sikkim,2026-02-22,24
Sikkim,2026-02-23,26
Sikkim,2026-02-24,26
Sikkim,2026-02-25,26
Sikkim,2026-02-26,26
Sikkim,2026-02-27,21
Sikkim,2026-02-28,27
Sikkim,2026-03-01,24
Sikkim,2026-03-02,26
Sikkim,2026-03-03,26
Sikkim,2026-03-04,26
Sikkim,2026-03-05,26
Sikkim,2026-03-06,21
Sikkim,2026-03-07,27
Sikkim,2026-03-08,24
Sikkim,2026-03-09,26
Sikkim,2026-03-10,26
Sikkim,2026-03-11,26
Sikkim,2026-03-12,26
Sikkim,2026-03-13,21
Sikkim,2026-03-14,27
Sikkim,2026-03-15,24
Sikkim,2026-03-16,26
Sikkim,2026-03-17,26
Sikkim,2026-03-18,26
Sikkim,2026-03-19,26
Sikkim,2026-03-20,21
Sikkim,2026-03-21,27
Sikkim,2026-03-22,24
Ladakh,2025-12-13,7
Ladakh,2025-12-14,10
Ladakh,2025-12-15,9
Ladakh,2025-12-16,9
Ladakh,2025-12-17,6
Ladakh,2025-12-18,4
Ladakh,2025-12-19,12
Ladakh,2025-12-20,10
Ladakh,2025-12-21,11
Ladakh,2025-12-22,7
Ladakh,2025-12-23,9
Ladakh,2025-12-24,6
Ladakh,2025-12-25,4
Ladakh,2025-12-26,12
Ladakh,2025-12-27,10
Ladakh,2025-12-28,11
Ladakh,2025-12-29,7
Ladakh,2025-12-30,9
Ladakh,2025-12-31,6
Ladakh,2026-01-01,8
Ladakh,2026-01-02,19
Ladakh,2026-01-03,9
Ladakh,2026-01-04,15
Ladakh,2026-01-05,9
Ladakh,2026-01-06,11
Ladakh,2026-01-07,11
Ladakh,2026-01-08,11
Ladakh,2026-01-09,17
Ladakh,2026-01-10,9
Ladakh,2026-01-11,15
Ladakh,2026-01-12,9
Ladakh,2026-01-13,11
Ladakh,2026-01-14,11
Ladakh,2026-01-15,11
Ladakh,2026-01-16,17
Ladakh,2026-01-17,9
Ladakh,2026-01-18,15
Ladakh,2026-01-19,9
Ladakh,2026-01-20,11
Ladakh,2026-01-21,11
Ladakh,2026-01-22,11
Ladakh,2026-01-23,17
Ladakh,2026-01-24,9
Ladakh,2026-01-25,15
Ladakh,2026-01-26,9
Ladakh,2026-01-27,11
Ladakh,2026-01-28,11
Ladakh,2026-01-29,11
Ladakh,2026-01-30,17
Ladakh,2026-01-31,9
Ladakh,2026-02-01,15
Ladakh,2026-02-02,9
Ladakh,2026-02-03,12
Ladakh,2026-02-04,11
Ladakh,2026-02-05,11
Ladakh,2026-02-06,17
Ladakh,2026-02-07,9
Ladakh,2026-02-08,15
Ladakh,2026-02-09,9
Ladakh,2026-02-10,12
Ladakh,2026-02-11,11
Ladakh,2026-02-12,11
Ladakh,2026-02-13,17
Ladakh,2026-02-14,9
Ladakh,2026-02-15,15
Ladakh,2026-02-16,9
Ladakh,2026-02-17,12
Ladakh,2026-02-18,11
Ladakh,2026-02-19,11
Ladakh,2026-02-20,17
Ladakh,2026-02-21,9
Ladakh,2026-02-22,15
Ladakh,2026-02-23,9
Ladakh,2026-02-24,12
Ladakh,2026-02-25,11
Ladakh,2026-02-26,11
Ladakh,2026-02-27,17
Ladakh,2026-02-28,9
Ladakh,2026-03-01,15
Ladakh,2026-03-02,9
Ladakh,2026-03-03,12
Ladakh,2026-03-04,11
Ladakh,2026-03-05,11
Ladakh,2026-03-06,17
Ladakh,2026-03-07,9
Ladakh,2026-03-08,15
Ladakh,2026-03-09,9
Ladakh,2026-03-10,12
Ladakh,2026-03-11,11
Ladakh,2026-03-12,11
Ladakh,2026-03-13,17
Ladakh,2026-03-14,9
Ladakh,2026-03-15,15
Ladakh,2026-03-16,9
Ladakh,2026-03-17,12
Ladakh,2026-03-18,11
Ladakh,2026-03-19,11
Ladakh,2026-03-20,17
Ladakh,2026-03-21,9
Ladakh,2026-03-22,15
Andaman and Nicobar Islands,2025-12-13,31
Andaman and Nicobar Islands,2025-12-14,30
Andaman and Nicobar Islands,2025-12-15,19
Andaman and Nicobar Islands,2025-12-16,23
Andaman and Nicobar Islands,2025-12-17,23
Andaman and Nicobar Islands,2025-12-18,22
Andaman and Nicobar Islands,2025-12-19,23
Andaman and Nicobar Islands,2025-12-20,23
Andaman and Nicobar Islands,2025-12-21,24
Andaman and Nicobar Islands,2025-12-22,20
Andaman and Nicobar Islands,2025-12-23,23
Andaman and Nicobar Islands,2025-12-24,23
Andaman and Nicobar Islands,2025-12-25,22
Andaman and Nicobar Islands,2025-12-26,23
Andaman and Nicobar Islands,2025-12-27,23
Andaman and Nicobar Islands,2025-12-28,24
Andaman and Nicobar Islands,2025-12-29,20
Andaman and Nicobar Islands,2025-12-30,23
Andaman and Nicobar Islands,2025-12-31,23
Andaman and Nicobar Islands,2026-01-01,27
Andaman and Nicobar Islands,2026-01-02,22
Andaman and Nicobar Islands,2026-01-03,27
Andaman and Nicobar Islands,2026-01-04,22
Andaman and Nicobar Islands,2026-01-05,28
Andaman and Nicobar Islands,2026-01-06,20
Andaman and Nicobar Islands,2026-01-07,25
Andaman and Nicobar Islands,2026-01-08,28
Andaman and Nicobar Islands,2026-01-09,22
Andaman and Nicobar Islands,2026-01-10,27
Andaman and Nicobar Islands,2026-01-11,22
Andaman and Nicobar Islands,2026-01-12,28
Andaman and Nicobar Islands,2026-01-13,20
Andaman and Nicobar Islands,2026-01-14,25
Andaman and Nicobar Islands,2026-01-15,28
Andaman and Nicobar Islands,2026-01-16,22
Andaman and Nicobar Islands,2026-01-17,27
Andaman and Nicobar Islands,2026-01-18,22
Andaman and Nicobar Islands,2026-01-19,28
Andaman and Nicobar Islands,2026-01-20,20
Andaman and Nicobar Islands,2026-01-21,25
Andaman and Nicobar Islands,2026-01-22,28
Andaman and Nicobar Islands,2026-01-23,22
Andaman and Nicobar Islands,2026-01-24,27
Andaman and Nicobar Islands,2026-01-25,22
Andaman and Nicobar Islands,2026-01-26,28
Andaman and Nicobar Islands,2026-01-27,20
Andaman and Nicobar Islands,2026-01-28,25
Andaman and Nicobar Islands,2026-01-29,28
Andaman and Nicobar Islands,2026-01-30,22
Andaman and Nicobar Islands,2026-01-31,27
Andaman and Nicobar Islands,2026-02-01,22
Andaman and Nicobar Islands,2026-02-02,28
Andaman and Nicobar Islands,2026-02-03,20
Andaman and Nicobar Islands,2026-02-04,25
Andaman and Nicobar Islands,2026-02-05,28
Andaman and Nicobar Islands,2026-02-06,22
Andaman and Nicobar Islands,2026-02-07,27
Andaman and Nicobar Islands,2026-02-08,22
Andaman and Nicobar Islands,2026-02-09,28
Andaman and Nicobar Islands,2026-02-10,20
Andaman and Nicobar Islands,2026-02-11,25
Andaman and Nicobar Islands,2026-02-12,28
Andaman and Nicobar Islands,2026-02-13,22
Andaman and Nicobar Islands,2026-02-14,27
Andaman and Nicobar Islands,2026-02-15,22
Andaman and Nicobar Islands,2026-02-16,28
Andaman and Nicobar Islands,2026-02-17,20
Andaman and Nicobar Islands,2026-02-18,25
Andaman and Nicobar Islands,2026-02-19,28
Andaman and Nicobar Islands,2026-02-20,22
Andaman and Nicobar Islands,2026-02-21,27
Andaman and Nicobar Islands,2026-02-22,22
Andaman and Nicobar Islands,2026-02-23,28
Andaman and Nicobar Islands,2026-02-24,20
Andaman and Nicobar Islands,2026-02-25,25
Andaman and Nicobar Islands,2026-02-26,28
Andaman and Nicobar Islands,2026-02-27,22
Andaman and Nicobar Islands,2026-02-28,27
Andaman and Nicobar Islands,2026-03-01,21
Andaman and Nicobar Islands,2026-03-02,24
Andaman and Nicobar Islands,2026-03-03,29
Andaman and Nicobar Islands,2026-03-04,20
Andaman and Nicobar Islands,2026-03-05,25
Andaman and Nicobar Islands,2026-03-06,29
Andaman and Nicobar Islands,2026-03-07,21
Andaman and Nicobar Islands,2026-03-08,26
Andaman and Nicobar Islands,2026-03-09,30
Andaman and Nicobar Islands,2026-03-10,21
Andaman and Nicobar Islands,2026-03-11,24
Andaman and Nicobar Islands,2026-03-12,29
Andaman and Nicobar Islands,2026-03-13,21
Andaman and Nicobar Islands,2026-03-14,26
Andaman and Nicobar Islands,2026-03-15,30
Andaman and Nicobar Islands,2026-03-16,22
Andaman and Nicobar Islands,2026-03-17,29
Andaman and Nicobar Islands,2026-03-18,20
Andaman and Nicobar Islands,2026-03-19,25
Andaman and Nicobar Islands,2026-03-20,29
Andaman and Nicobar Islands,2026-03-21,21
Andaman and Nicobar Islands,2026-03-22,26
Lakshadweep,2025-12-13,5
Lakshadweep,2025-12-14,6
Lakshadweep,2025-12-15,4
Lakshadweep,2025-12-16,4
Lakshadweep,2025-12-17,6
Lakshadweep,2025-12-18,6
Lakshadweep,2025-12-19,6
Lakshadweep,2025-12-20,6
Lakshadweep,2025-12-21,6
Lakshadweep,2025-12-22,4
Lakshadweep,2025-12-23,4
Lakshadweep,2025-12-24,6
Lakshadweep,2025-12-25,6
Lakshadweep,2025-12-26,6
Lakshadweep,2025-12-27,6
Lakshadweep,2025-12-28,6
Lakshadweep,2025-12-29,4
Lakshadweep,2025-12-30,4
Lakshadweep,2025-12-31,6
Lakshadweep,2026-01-01,10
Lakshadweep,2026-01-02,10
Lakshadweep,2026-01-03,9
Lakshadweep,2026-01-04,9
Lakshadweep,2026-01-05,5
Lakshadweep,2026-01-06,7
Lakshadweep,2026-01-07,9
Lakshadweep,2026-01-08,10
Lakshadweep,2026-01-09,10
Lakshadweep,2026-01-10,9
Lakshadweep,2026-01-11,9
Lakshadweep,2026-01-12,5
Lakshadweep,2026-01-13,7
Lakshadweep,2026-01-14,9
Lakshadweep,2026-01-15,10
Lakshadweep,2026-01-16,10
Lakshadweep,2026-01-17,9
Lakshadweep,2026-01-18,9
Lakshadweep,2026-01-19,5
Lakshadweep,2026-01-20,7
Lakshadweep,2026-01-21,9
Lakshadweep,2026-01-22,10
Lakshadweep,2026-01-23,10
Lakshadweep,2026-01-24,9
Lakshadweep,2026-01-25,9
Lakshadweep,2026-01-26,5
Lakshadweep,2026-01-27,7
Lakshadweep,2026-01-28,9
Lakshadweep,2026-01-29,10
Lakshadweep,2026-01-30,10
Lakshadweep,2026-01-31,9
Lakshadweep,2026-02-01,9
Lakshadweep,2026-02-02,5
Lakshadweep,2026-02-03,7
Lakshadweep,2026-02-04,9
Lakshadweep,2026-02-05,10
Lakshadweep,2026-02-06,10
Lakshadweep,2026-02-07,9
Lakshadweep,2026-02-08,9
Lakshadweep,2026-02-09,5
Lakshadweep,2026-02-10,7
Lakshadweep,2026-02-11,9
Lakshadweep,2026-02-12,10
Lakshadweep,2026-02-13,10
Lakshadweep,2026-02-14,9
Lakshadweep,2026-02-15,9
Lakshadweep,2026-02-16,5
Lakshadweep,2026-02-17,7
Lakshadweep,2026-02-18,9
Lakshadweep,2026-02-19,10
Lakshadweep,2026-02-20,10
Lakshadweep,2026-02-21,9
Lakshadweep,2026-02-22,9
Lakshadweep,2026-02-23,5
Lakshadweep,2026-02-24,7
Lakshadweep,2026-02-25,9
Lakshadweep,2026-02-26,10
Lakshadweep,2026-02-27,10
Lakshadweep,2026-02-28,9
Lakshadweep,2026-03-01,9
Lakshadweep,2026-03-02,5
Lakshadweep,2026-03-03,8
Lakshadweep,2026-03-04,9
Lakshadweep,2026-03-05,10
Lakshadweep,2026-03-06,10
Lakshadweep,2026-03-07,9
Lakshadweep,2026-03-08,9
Lakshadweep,2026-03-09,5
Lakshadweep,2026-03-10,8
Lakshadweep,2026-03-11,9
Lakshadweep,2026-03-12,10
Lakshadweep,2026-03-13,10
Lakshadweep,2026-03-14,9
Lakshadweep,2026-03-15,9
Lakshadweep,2026-03-16,5
Lakshadweep,2026-03-17,8
Lakshadweep,2026-03-18,9
Lakshadweep,2026-03-19,10
Lakshadweep,2026-03-20,10
Lakshadweep,2026-03-21,9
Lakshadweep,2026-03-22,9
